Question,Section,Metric,Value,Interpretation
General data overview,Basic statistics,Total cases,6449,Number of international declaration process instances.
General data overview,Basic statistics,Total events,72151,Number of recorded events in the International Declarations log.
General data overview,Basic statistics,Unique activities,34,Number of different activity names in the process.
General data overview,Basic statistics,Start date,2016-10-05 00:00:00+00:00,Earliest timestamp in the event log.
General data overview,Basic statistics,End date,2020-05-10 00:00:00+00:00,Latest timestamp in the event log.
Data quality,Missing values,id,0 missing values (0.0%),Missing values may limit deeper business interpretation if they occur in important columns.
Data quality,Missing values,org:resource,0 missing values (0.0%),Missing values may limit deeper business interpretation if they occur in important columns.
Data quality,Missing values,concept:name,0 missing values (0.0%),Missing values may limit deeper business interpretation if they occur in important columns.
Data quality,Missing values,time:timestamp,0 missing values (0.0%),Missing values may limit deeper business interpretation if they occur in important columns.
Data quality,Missing values,org:role,0 missing values (0.0%),Missing values may limit deeper business interpretation if they occur in important columns.
Data quality,Missing values,case:Permit travel permit number,0 missing values (0.0%),Missing values may limit deeper business interpretation if they occur in important columns.
Data quality,Missing values,case:DeclarationNumber,0 missing values (0.0%),Missing values may limit deeper business interpretation if they occur in important columns.
Data quality,Missing values,case:Amount,0 missing values (0.0%),Missing values may limit deeper business interpretation if they occur in important columns.
Data quality,Missing values,case:RequestedAmount,0 missing values (0.0%),Missing values may limit deeper business interpretation if they occur in important columns.
Data quality,Missing values,case:Permit TaskNumber,0 missing values (0.0%),Missing values may limit deeper business interpretation if they occur in important columns.
Data quality,Missing values,case:Permit BudgetNumber,0 missing values (0.0%),Missing values may limit deeper business interpretation if they occur in important columns.
Data quality,Missing values,case:OriginalAmount,0 missing values (0.0%),Missing values may limit deeper business interpretation if they occur in important columns.
Data quality,Missing values,case:Permit ProjectNumber,0 missing values (0.0%),Missing values may limit deeper business interpretation if they occur in important columns.
Data quality,Missing values,case:concept:name,0 missing values (0.0%),Missing values may limit deeper business interpretation if they occur in important columns.
Data quality,Missing values,case:Permit OrganizationalEntity,0 missing values (0.0%),Missing values may limit deeper business interpretation if they occur in important columns.
Data quality,Missing values,case:travel permit number,0 missing values (0.0%),Missing values may limit deeper business interpretation if they occur in important columns.
Data quality,Missing values,case:Permit RequestedBudget,0 missing values (0.0%),Missing values may limit deeper business interpretation if they occur in important columns.
Data quality,Missing values,case:id,0 missing values (0.0%),Missing values may limit deeper business interpretation if they occur in important columns.
Data quality,Missing values,case:Permit ID,0 missing values (0.0%),Missing values may limit deeper business interpretation if they occur in important columns.
Data quality,Missing values,case:Permit id,0 missing values (0.0%),Missing values may limit deeper business interpretation if they occur in important columns.
Data quality,Missing values,case:BudgetNumber,0 missing values (0.0%),Missing values may limit deeper business interpretation if they occur in important columns.
Data quality,Missing values,case:Permit ActivityNumber,0 missing values (0.0%),Missing values may limit deeper business interpretation if they occur in important columns.
Data quality,Missing values,case:AdjustedAmount,0 missing values (0.0%),Missing values may limit deeper business interpretation if they occur in important columns.
1. Describe and visualize the general process flow,Most frequent activities,Declaration SUBMITTED by EMPLOYEE,8099 events (11.23%),Frequently occurring activities help describe the dominant process behavior.
1. Describe and visualize the general process flow,Most frequent activities,Start trip,6449 events (8.94%),Frequently occurring activities help describe the dominant process behavior.
1. Describe and visualize the general process flow,Most frequent activities,End trip,6449 events (8.94%),Frequently occurring activities help describe the dominant process behavior.
1. Describe and visualize the general process flow,Most frequent activities,Permit SUBMITTED by EMPLOYEE,6255 events (8.67%),Frequently occurring activities help describe the dominant process behavior.
1. Describe and visualize the general process flow,Most frequent activities,Payment Handled,6187 events (8.58%),Frequently occurring activities help describe the dominant process behavior.
1. Describe and visualize the general process flow,Most frequent activities,Request Payment,6183 events (8.57%),Frequently occurring activities help describe the dominant process behavior.
1. Describe and visualize the general process flow,Most frequent activities,Declaration FINAL_APPROVED by SUPERVISOR,6039 events (8.37%),Frequently occurring activities help describe the dominant process behavior.
1. Describe and visualize the general process flow,Most frequent activities,Permit FINAL_APPROVED by SUPERVISOR,5381 events (7.46%),Frequently occurring activities help describe the dominant process behavior.
1. Describe and visualize the general process flow,Most frequent activities,Declaration APPROVED by ADMINISTRATION,5037 events (6.98%),Frequently occurring activities help describe the dominant process behavior.
1. Describe and visualize the general process flow,Most frequent activities,Permit APPROVED by ADMINISTRATION,4839 events (6.71%),Frequently occurring activities help describe the dominant process behavior.
1. Describe and visualize the general process flow,Most frequent activities,Declaration APPROVED by BUDGET OWNER,1834 events (2.54%),Frequently occurring activities help describe the dominant process behavior.
1. Describe and visualize the general process flow,Most frequent activities,Declaration REJECTED by EMPLOYEE,1780 events (2.47%),Frequently occurring activities help describe the dominant process behavior.
1. Describe and visualize the general process flow,Most frequent activities,Permit APPROVED by BUDGET OWNER,1763 events (2.44%),Frequently occurring activities help describe the dominant process behavior.
1. Describe and visualize the general process flow,Most frequent activities,Declaration REJECTED by ADMINISTRATION,1549 events (2.15%),Frequently occurring activities help describe the dominant process behavior.
1. Describe and visualize the general process flow,Most frequent activities,Permit APPROVED by SUPERVISOR,641 events (0.89%),Frequently occurring activities help describe the dominant process behavior.
1. Describe and visualize the general process flow,Most frequent activities,Permit FINAL_APPROVED by DIRECTOR,640 events (0.89%),Frequently occurring activities help describe the dominant process behavior.
1. Describe and visualize the general process flow,Most frequent activities,Declaration APPROVED by PRE_APPROVER,612 events (0.85%),Frequently occurring activities help describe the dominant process behavior.
1. Describe and visualize the general process flow,Most frequent activities,Permit APPROVED by PRE_APPROVER,534 events (0.74%),Frequently occurring activities help describe the dominant process behavior.
1. Describe and visualize the general process flow,Most frequent activities,Send Reminder,434 events (0.6%),Frequently occurring activities help describe the dominant process behavior.
1. Describe and visualize the general process flow,Most frequent activities,Declaration APPROVED by SUPERVISOR,256 events (0.35%),Frequently occurring activities help describe the dominant process behavior.
Process complexity,Events per case,count,6449.0,Shows how many activities are typically recorded per case.
Process complexity,Events per case,mean,11.19,Shows how many activities are typically recorded per case.
Process complexity,Events per case,std,2.74,Shows how many activities are typically recorded per case.
Process complexity,Events per case,min,3.0,Shows how many activities are typically recorded per case.
Process complexity,Events per case,25%,10.0,Shows how many activities are typically recorded per case.
Process complexity,Events per case,50%,10.0,Shows how many activities are typically recorded per case.
Process complexity,Events per case,75%,13.0,Shows how many activities are typically recorded per case.
Process complexity,Events per case,max,27.0,Shows how many activities are typically recorded per case.
2. How long do the different process instances take?,Full case duration from first event to last event,count,6449.0,General case duration based on first and last recorded event in each case.
2. How long do the different process instances take?,Full case duration from first event to last event,mean,86.46,General case duration based on first and last recorded event in each case.
2. How long do the different process instances take?,Full case duration from first event to last event,std,78.35,General case duration based on first and last recorded event in each case.
2. How long do the different process instances take?,Full case duration from first event to last event,min,6.73,General case duration based on first and last recorded event in each case.
2. How long do the different process instances take?,Full case duration from first event to last event,25%,38.12,General case duration based on first and last recorded event in each case.
2. How long do the different process instances take?,Full case duration from first event to last event,50%,66.06,General case duration based on first and last recorded event in each case.
2. How long do the different process instances take?,Full case duration from first event to last event,75%,104.13,General case duration based on first and last recorded event in each case.
2. How long do the different process instances take?,Full case duration from first event to last event,max,742.0,General case duration based on first and last recorded event in each case.
1. Describe and visualize the general process flow,Variant analysis,Total unique variants,753,High number of variants indicates process variability and complexity.
1. Describe and visualize the general process flow,Variant analysis,Top 1 variant coverage,21.23%,Shows how much of the log follows the most common process path.
1. Describe and visualize the general process flow,Variant analysis,Top 5 variant coverage,45.27%,Shows how concentrated or fragmented the process is.
1. Describe and visualize the general process flow,Variant analysis,Top 10 variant coverage,55.12%,Additional measure of process standardization.
1. Describe and visualize the general process flow,Top 10 variants,Variant 1,1369 cases (21.23%),Permit SUBMITTED by EMPLOYEE -> Permit APPROVED by ADMINISTRATION -> Permit FINAL_APPROVED by SUPERVISOR -> Start trip -> End trip -> Declaration SUBMITTED by EMPLOYEE -> Declaration APPROVED by ADMINISTRATION -> Declaration FINAL_APPROVED by SUPERVISOR -> Request Payment -> Payment Handled
1. Describe and visualize the general process flow,Top 10 variants,Variant 2,624 cases (9.68%),Permit SUBMITTED by EMPLOYEE -> Permit APPROVED by ADMINISTRATION -> Permit APPROVED by BUDGET OWNER -> Permit FINAL_APPROVED by SUPERVISOR -> Start trip -> End trip -> Declaration SUBMITTED by EMPLOYEE -> Declaration APPROVED by ADMINISTRATION -> Declaration APPROVED by BUDGET OWNER -> Declaration FINAL_APPROVED by SUPERVISOR -> Request Payment -> Payment Handled
1. Describe and visualize the general process flow,Top 10 variants,Variant 3,361 cases (5.6%),Permit SUBMITTED by EMPLOYEE -> Permit FINAL_APPROVED by SUPERVISOR -> Start trip -> End trip -> Declaration SUBMITTED by EMPLOYEE -> Declaration FINAL_APPROVED by SUPERVISOR -> Request Payment -> Payment Handled
1. Describe and visualize the general process flow,Top 10 variants,Variant 4,311 cases (4.82%),Permit SUBMITTED by EMPLOYEE -> Permit APPROVED by ADMINISTRATION -> Permit FINAL_APPROVED by SUPERVISOR -> Start trip -> End trip -> Declaration SUBMITTED by EMPLOYEE -> Declaration REJECTED by ADMINISTRATION -> Declaration REJECTED by EMPLOYEE -> Declaration SUBMITTED by EMPLOYEE -> Declaration APPROVED by ADMINISTRATION -> Declaration FINAL_APPROVED by SUPERVISOR -> Request Payment -> Payment Handled
1. Describe and visualize the general process flow,Top 10 variants,Variant 5,254 cases (3.94%),Permit SUBMITTED by EMPLOYEE -> Permit APPROVED by PRE_APPROVER -> Permit FINAL_APPROVED by SUPERVISOR -> Start trip -> End trip -> Declaration SUBMITTED by EMPLOYEE -> Declaration APPROVED by PRE_APPROVER -> Declaration FINAL_APPROVED by SUPERVISOR -> Request Payment -> Payment Handled
1. Describe and visualize the general process flow,Top 10 variants,Variant 6,188 cases (2.92%),Permit SUBMITTED by EMPLOYEE -> Permit APPROVED by ADMINISTRATION -> Permit APPROVED by BUDGET OWNER -> Permit FINAL_APPROVED by SUPERVISOR -> Start trip -> End trip -> Declaration SUBMITTED by EMPLOYEE -> Declaration REJECTED by ADMINISTRATION -> Declaration REJECTED by EMPLOYEE -> Declaration SUBMITTED by EMPLOYEE -> Declaration APPROVED by ADMINISTRATION -> Declaration APPROVED by BUDGET OWNER -> Declaration FINAL_APPROVED by SUPERVISOR -> Request Payment -> Payment Handled
1. Describe and visualize the general process flow,Top 10 variants,Variant 7,157 cases (2.43%),Start trip -> End trip -> Permit SUBMITTED by EMPLOYEE -> Permit APPROVED by ADMINISTRATION -> Permit FINAL_APPROVED by SUPERVISOR -> Declaration SUBMITTED by EMPLOYEE -> Declaration APPROVED by ADMINISTRATION -> Declaration FINAL_APPROVED by SUPERVISOR -> Request Payment -> Payment Handled
1. Describe and visualize the general process flow,Top 10 variants,Variant 8,111 cases (1.72%),Declaration SUBMITTED by EMPLOYEE -> Declaration FINAL_APPROVED by SUPERVISOR -> Request Payment -> Payment Handled -> Start trip -> End trip
1. Describe and visualize the general process flow,Top 10 variants,Variant 9,94 cases (1.46%),Permit SUBMITTED by EMPLOYEE -> Permit APPROVED by ADMINISTRATION -> Permit FINAL_APPROVED by SUPERVISOR -> Start trip -> End trip -> Send Reminder -> Declaration SUBMITTED by EMPLOYEE -> Declaration APPROVED by ADMINISTRATION -> Declaration FINAL_APPROVED by SUPERVISOR -> Request Payment -> Payment Handled
1. Describe and visualize the general process flow,Top 10 variants,Variant 10,85 cases (1.32%),Permit SUBMITTED by EMPLOYEE -> Permit APPROVED by ADMINISTRATION -> Permit APPROVED by SUPERVISOR -> Permit FINAL_APPROVED by DIRECTOR -> Start trip -> End trip -> Declaration SUBMITTED by EMPLOYEE -> Declaration APPROVED by ADMINISTRATION -> Declaration FINAL_APPROVED by SUPERVISOR -> Request Payment -> Payment Handled
1. Describe and visualize the general process flow,Start activities,Permit SUBMITTED by EMPLOYEE,5294 cases (82.09%),Shows how cases begin in the log.
1. Describe and visualize the general process flow,Start activities,Start trip,740 cases (11.47%),Shows how cases begin in the log.
1. Describe and visualize the general process flow,Start activities,Declaration SUBMITTED by EMPLOYEE,407 cases (6.31%),Shows how cases begin in the log.
1. Describe and visualize the general process flow,Start activities,Declaration SAVED by EMPLOYEE,8 cases (0.12%),Shows how cases begin in the log.
1. Describe and visualize the general process flow,End activities,Payment Handled,5646 cases (87.55%),Shows how cases end in the log.
1. Describe and visualize the general process flow,End activities,End trip,593 cases (9.2%),Shows how cases end in the log.
1. Describe and visualize the general process flow,End activities,Declaration REJECTED by EMPLOYEE,130 cases (2.02%),Shows how cases end in the log.
1. Describe and visualize the general process flow,End activities,Declaration SAVED by EMPLOYEE,54 cases (0.84%),Shows how cases end in the log.
1. Describe and visualize the general process flow,End activities,Declaration REJECTED by MISSING,11 cases (0.17%),Shows how cases end in the log.
1. Describe and visualize the general process flow,End activities,Permit REJECTED by MISSING,8 cases (0.12%),Shows how cases end in the log.
1. Describe and visualize the general process flow,End activities,Request Payment,3 cases (0.05%),Shows how cases end in the log.
1. Describe and visualize the general process flow,End activities,Send Reminder,2 cases (0.03%),Shows how cases end in the log.
1. Describe and visualize the general process flow,End activities,Declaration REJECTED by SUPERVISOR,1 cases (0.02%),Shows how cases end in the log.
1. Describe and visualize the general process flow,End activities,Declaration FINAL_APPROVED by SUPERVISOR,1 cases (0.02%),Shows how cases end in the log.
1. Describe and visualize the general process flow,Expected high-level flow,International declaration process,Permit submitted by employee -> Permit approved -> Permit final approved -> Start trip -> End trip -> Declaration submitted -> Declaration approved -> Declaration final approved -> Request payment -> Payment handled,The international process includes a permit phase before travel and a declaration/payment phase after travel.
2. How long do the different process instances take?,Throughput time intervals,Permit Submitted by Employee -> Payment Handled - Cases included,5761,Cases where both activities exist and the sequence has a non-negative duration.
2. How long do the different process instances take?,Throughput time intervals,Permit Submitted by Employee -> Payment Handled - Average days,72.04,Average duration for this process interval.
2. How long do the different process instances take?,Throughput time intervals,Permit Submitted by Employee -> Payment Handled - Median days,60.3,Median duration for this process interval.
2. How long do the different process instances take?,Throughput time intervals,Permit Submitted by Employee -> Payment Handled - Minimum days,4.17,Shortest observed valid duration.
2. How long do the different process instances take?,Throughput time intervals,Permit Submitted by Employee -> Payment Handled - Maximum days,463.09,Longest observed valid duration.
2. How long do the different process instances take?,Throughput time intervals,Permit Submitted by Employee -> Payment Handled - Invalid order cases,0,Cases where the end activity timestamp occurred before the start activity timestamp.
2. How long do the different process instances take?,Throughput time intervals,Permit Submitted by Employee -> Payment Handled - Missing pair cases,688,Cases where at least one of the two selected activities was missing.
2. How long do the different process instances take?,Throughput time intervals,End Trip -> Payment Handled - Cases included,5651,Cases where both activities exist and the sequence has a non-negative duration.
2. How long do the different process instances take?,Throughput time intervals,End Trip -> Payment Handled - Average days,31.79,Average duration for this process interval.
2. How long do the different process instances take?,Throughput time intervals,End Trip -> Payment Handled - Median days,20.73,Median duration for this process interval.
2. How long do the different process instances take?,Throughput time intervals,End Trip -> Payment Handled - Minimum days,0.73,Shortest observed valid duration.
2. How long do the different process instances take?,Throughput time intervals,End Trip -> Payment Handled - Maximum days,431.73,Longest observed valid duration.
2. How long do the different process instances take?,Throughput time intervals,End Trip -> Payment Handled - Invalid order cases,536,Cases where the end activity timestamp occurred before the start activity timestamp.
2. How long do the different process instances take?,Throughput time intervals,End Trip -> Payment Handled - Missing pair cases,262,Cases where at least one of the two selected activities was missing.
2. How long do the different process instances take?,Throughput time intervals,Declaration Submitted by Employee -> Payment Handled - Cases included,6187,Cases where both activities exist and the sequence has a non-negative duration.
2. How long do the different process instances take?,Throughput time intervals,Declaration Submitted by Employee -> Payment Handled - Average days,14.61,Average duration for this process interval.
2. How long do the different process instances take?,Throughput time intervals,Declaration Submitted by Employee -> Payment Handled - Median days,10.24,Median duration for this process interval.
2. How long do the different process instances take?,Throughput time intervals,Declaration Submitted by Employee -> Payment Handled - Minimum days,1.09,Shortest observed valid duration.
2. How long do the different process instances take?,Throughput time intervals,Declaration Submitted by Employee -> Payment Handled - Maximum days,429.15,Longest observed valid duration.
2. How long do the different process instances take?,Throughput time intervals,Declaration Submitted by Employee -> Payment Handled - Invalid order cases,0,Cases where the end activity timestamp occurred before the start activity timestamp.
2. How long do the different process instances take?,Throughput time intervals,Declaration Submitted by Employee -> Payment Handled - Missing pair cases,262,Cases where at least one of the two selected activities was missing.
2. How long do the different process instances take?,Throughput time intervals,End Trip -> Declaration Submitted by Employee - Cases included,5622,Cases where both activities exist and the sequence has a non-negative duration.
2. How long do the different process instances take?,Throughput time intervals,End Trip -> Declaration Submitted by Employee - Average days,20.64,Average duration for this process interval.
2. How long do the different process instances take?,Throughput time intervals,End Trip -> Declaration Submitted by Employee - Median days,9.66,Median duration for this process interval.
2. How long do the different process instances take?,Throughput time intervals,End Trip -> Declaration Submitted by Employee - Minimum days,0.11,Shortest observed valid duration.
2. How long do the different process instances take?,Throughput time intervals,End Trip -> Declaration Submitted by Employee - Maximum days,397.35,Longest observed valid duration.
2. How long do the different process instances take?,Throughput time intervals,End Trip -> Declaration Submitted by Employee - Invalid order cases,753,Cases where the end activity timestamp occurred before the start activity timestamp.
2. How long do the different process instances take?,Throughput time intervals,End Trip -> Declaration Submitted by Employee - Missing pair cases,74,Cases where at least one of the two selected activities was missing.
2. How long do the different process instances take?,Throughput time intervals,Request Payment -> Payment Handled - Cases included,6180,Cases where both activities exist and the sequence has a non-negative duration.
2. How long do the different process instances take?,Throughput time intervals,Request Payment -> Payment Handled - Average days,3.46,Average duration for this process interval.
2. How long do the different process instances take?,Throughput time intervals,Request Payment -> Payment Handled - Median days,3.22,Median duration for this process interval.
2. How long do the different process instances take?,Throughput time intervals,Request Payment -> Payment Handled - Minimum days,0.03,Shortest observed valid duration.
2. How long do the different process instances take?,Throughput time intervals,Request Payment -> Payment Handled - Maximum days,31.07,Longest observed valid duration.
2. How long do the different process instances take?,Throughput time intervals,Request Payment -> Payment Handled - Invalid order cases,3,Cases where the end activity timestamp occurred before the start activity timestamp.
2. How long do the different process instances take?,Throughput time intervals,Request Payment -> Payment Handled - Missing pair cases,266,Cases where at least one of the two selected activities was missing.
3. Are there any bottlenecks?,Bottleneck intervals,Permit Submitted -> Permit Approved by Administration - Cases included,4737,Cases where both activities exist and the sequence has a non-negative duration.
3. Are there any bottlenecks?,Bottleneck intervals,Permit Submitted -> Permit Approved by Administration - Average days,0.88,Average duration for this process interval.
3. Are there any bottlenecks?,Bottleneck intervals,Permit Submitted -> Permit Approved by Administration - Median days,0.0,Median duration for this process interval.
3. Are there any bottlenecks?,Bottleneck intervals,Permit Submitted -> Permit Approved by Administration - Minimum days,0.0,Shortest observed valid duration.
3. Are there any bottlenecks?,Bottleneck intervals,Permit Submitted -> Permit Approved by Administration - Maximum days,194.03,Longest observed valid duration.
3. Are there any bottlenecks?,Bottleneck intervals,Permit Submitted -> Permit Approved by Administration - Invalid order cases,0,Cases where the end activity timestamp occurred before the start activity timestamp.
3. Are there any bottlenecks?,Bottleneck intervals,Permit Submitted -> Permit Approved by Administration - Missing pair cases,1712,Cases where at least one of the two selected activities was missing.
3. Are there any bottlenecks?,Bottleneck intervals,Permit Approved by Administration -> Permit Final Approved by Supervisor - Cases included,4288,Cases where both activities exist and the sequence has a non-negative duration.
3. Are there any bottlenecks?,Bottleneck intervals,Permit Approved by Administration -> Permit Final Approved by Supervisor - Average days,3.45,Average duration for this process interval.
3. Are there any bottlenecks?,Bottleneck intervals,Permit Approved by Administration -> Permit Final Approved by Supervisor - Median days,2.02,Median duration for this process interval.
3. Are there any bottlenecks?,Bottleneck intervals,Permit Approved by Administration -> Permit Final Approved by Supervisor - Minimum days,0.0,Shortest observed valid duration.
3. Are there any bottlenecks?,Bottleneck intervals,Permit Approved by Administration -> Permit Final Approved by Supervisor - Maximum days,76.35,Longest observed valid duration.
3. Are there any bottlenecks?,Bottleneck intervals,Permit Approved by Administration -> Permit Final Approved by Supervisor - Invalid order cases,0,Cases where the end activity timestamp occurred before the start activity timestamp.
3. Are there any bottlenecks?,Bottleneck intervals,Permit Approved by Administration -> Permit Final Approved by Supervisor - Missing pair cases,2161,Cases where at least one of the two selected activities was missing.
3. Are there any bottlenecks?,Bottleneck intervals,End Trip -> Declaration Submitted by Employee - Cases included,5622,Cases where both activities exist and the sequence has a non-negative duration.
3. Are there any bottlenecks?,Bottleneck intervals,End Trip -> Declaration Submitted by Employee - Average days,20.64,Average duration for this process interval.
3. Are there any bottlenecks?,Bottleneck intervals,End Trip -> Declaration Submitted by Employee - Median days,9.66,Median duration for this process interval.
3. Are there any bottlenecks?,Bottleneck intervals,End Trip -> Declaration Submitted by Employee - Minimum days,0.11,Shortest observed valid duration.
3. Are there any bottlenecks?,Bottleneck intervals,End Trip -> Declaration Submitted by Employee - Maximum days,397.35,Longest observed valid duration.
3. Are there any bottlenecks?,Bottleneck intervals,End Trip -> Declaration Submitted by Employee - Invalid order cases,753,Cases where the end activity timestamp occurred before the start activity timestamp.
3. Are there any bottlenecks?,Bottleneck intervals,End Trip -> Declaration Submitted by Employee - Missing pair cases,74,Cases where at least one of the two selected activities was missing.
3. Are there any bottlenecks?,Bottleneck intervals,Declaration Submitted -> Declaration Approved by Administration - Cases included,4919,Cases where both activities exist and the sequence has a non-negative duration.
3. Are there any bottlenecks?,Bottleneck intervals,Declaration Submitted -> Declaration Approved by Administration - Average days,4.57,Average duration for this process interval.
3. Are there any bottlenecks?,Bottleneck intervals,Declaration Submitted -> Declaration Approved by Administration - Median days,0.02,Median duration for this process interval.
3. Are there any bottlenecks?,Bottleneck intervals,Declaration Submitted -> Declaration Approved by Administration - Minimum days,0.0,Shortest observed valid duration.
3. Are there any bottlenecks?,Bottleneck intervals,Declaration Submitted -> Declaration Approved by Administration - Maximum days,422.05,Longest observed valid duration.
3. Are there any bottlenecks?,Bottleneck intervals,Declaration Submitted -> Declaration Approved by Administration - Invalid order cases,0,Cases where the end activity timestamp occurred before the start activity timestamp.
3. Are there any bottlenecks?,Bottleneck intervals,Declaration Submitted -> Declaration Approved by Administration - Missing pair cases,1530,Cases where at least one of the two selected activities was missing.
3. Are there any bottlenecks?,Bottleneck intervals,Declaration Final Approved by Supervisor -> Request Payment - Cases included,5940,Cases where both activities exist and the sequence has a non-negative duration.
3. Are there any bottlenecks?,Bottleneck intervals,Declaration Final Approved by Supervisor -> Request Payment - Average days,3.44,Average duration for this process interval.
3. Are there any bottlenecks?,Bottleneck intervals,Declaration Final Approved by Supervisor -> Request Payment - Median days,1.21,Median duration for this process interval.
3. Are there any bottlenecks?,Bottleneck intervals,Declaration Final Approved by Supervisor -> Request Payment - Minimum days,0.0,Shortest observed valid duration.
3. Are there any bottlenecks?,Bottleneck intervals,Declaration Final Approved by Supervisor -> Request Payment - Maximum days,266.1,Longest observed valid duration.
3. Are there any bottlenecks?,Bottleneck intervals,Declaration Final Approved by Supervisor -> Request Payment - Invalid order cases,0,Cases where the end activity timestamp occurred before the start activity timestamp.
3. Are there any bottlenecks?,Bottleneck intervals,Declaration Final Approved by Supervisor -> Request Payment - Missing pair cases,509,Cases where at least one of the two selected activities was missing.
3. Are there any bottlenecks?,Bottleneck intervals,Request Payment -> Payment Handled - Cases included,6180,Cases where both activities exist and the sequence has a non-negative duration.
3. Are there any bottlenecks?,Bottleneck intervals,Request Payment -> Payment Handled - Average days,3.46,Average duration for this process interval.
3. Are there any bottlenecks?,Bottleneck intervals,Request Payment -> Payment Handled - Median days,3.22,Median duration for this process interval.
3. Are there any bottlenecks?,Bottleneck intervals,Request Payment -> Payment Handled - Minimum days,0.03,Shortest observed valid duration.
3. Are there any bottlenecks?,Bottleneck intervals,Request Payment -> Payment Handled - Maximum days,31.07,Longest observed valid duration.
3. Are there any bottlenecks?,Bottleneck intervals,Request Payment -> Payment Handled - Invalid order cases,3,Cases where the end activity timestamp occurred before the start activity timestamp.
3. Are there any bottlenecks?,Bottleneck intervals,Request Payment -> Payment Handled - Missing pair cases,266,Cases where at least one of the two selected activities was missing.
3. Are there any bottlenecks?,Main bottleneck,Largest median delay interval,End Trip -> Declaration Submitted by Employee,This interval has the largest median duration among the checked bottleneck intervals. Median days: 9.66; Average days: 20.64.
4. How many applications get rejected?,Rejection summary,Rejected cases,1755,Number of unique cases with at least one rejection-related activity.
4. How many applications get rejected?,Rejection summary,Rejection rate,27.21%,Rejected cases divided by total cases.
4. How many applications get rejected?,Rejection activities by case count,Declaration REJECTED by EMPLOYEE,1483,Case count is preferred because one case can contain repeated rejection events.
4. How many applications get rejected?,Rejection activities by case count,Declaration REJECTED by ADMINISTRATION,1287,Case count is preferred because one case can contain repeated rejection events.
4. How many applications get rejected?,Rejection activities by case count,Permit REJECTED by EMPLOYEE,214,Case count is preferred because one case can contain repeated rejection events.
4. How many applications get rejected?,Rejection activities by case count,Declaration REJECTED by SUPERVISOR,122,Case count is preferred because one case can contain repeated rejection events.
4. How many applications get rejected?,Rejection activities by case count,Declaration REJECTED by MISSING,98,Case count is preferred because one case can contain repeated rejection events.
4. How many applications get rejected?,Rejection activities by case count,Permit REJECTED by SUPERVISOR,92,Case count is preferred because one case can contain repeated rejection events.
4. How many applications get rejected?,Rejection activities by case count,Declaration REJECTED by PRE_APPROVER,82,Case count is preferred because one case can contain repeated rejection events.
4. How many applications get rejected?,Rejection activities by case count,Permit REJECTED by ADMINISTRATION,80,Case count is preferred because one case can contain repeated rejection events.
4. How many applications get rejected?,Rejection activities by case count,Permit REJECTED by MISSING,42,Case count is preferred because one case can contain repeated rejection events.
4. How many applications get rejected?,Rejection activities by case count,Declaration REJECTED by BUDGET OWNER,40,Case count is preferred because one case can contain repeated rejection events.
4. How many applications get rejected?,Rejection activities by case count,Permit REJECTED by BUDGET OWNER,29,Case count is preferred because one case can contain repeated rejection events.
4. How many applications get rejected?,Rejection activities by case count,Permit REJECTED by PRE_APPROVER,24,Case count is preferred because one case can contain repeated rejection events.
4. How many applications get rejected?,Rejection activities by case count,Declaration REJECTED by DIRECTOR,4,Case count is preferred because one case can contain repeated rejection events.
4. How many applications get rejected?,Rejection activities by case count,Permit REJECTED by DIRECTOR,1,Case count is preferred because one case can contain repeated rejection events.
4. How many applications get rejected?,Rejection activities by event count,Declaration REJECTED by EMPLOYEE,1780,Event count can be higher than case count because one case may contain repeated rejection activities.
4. How many applications get rejected?,Rejection activities by event count,Declaration REJECTED by ADMINISTRATION,1549,Event count can be higher than case count because one case may contain repeated rejection activities.
4. How many applications get rejected?,Rejection activities by event count,Permit REJECTED by EMPLOYEE,231,Event count can be higher than case count because one case may contain repeated rejection activities.
4. How many applications get rejected?,Rejection activities by event count,Declaration REJECTED by SUPERVISOR,126,Event count can be higher than case count because one case may contain repeated rejection activities.
4. How many applications get rejected?,Rejection activities by event count,Declaration REJECTED by MISSING,103,Event count can be higher than case count because one case may contain repeated rejection activities.
4. How many applications get rejected?,Rejection activities by event count,Permit REJECTED by SUPERVISOR,92,Event count can be higher than case count because one case may contain repeated rejection activities.
4. How many applications get rejected?,Rejection activities by event count,Declaration REJECTED by PRE_APPROVER,84,Event count can be higher than case count because one case may contain repeated rejection activities.
4. How many applications get rejected?,Rejection activities by event count,Permit REJECTED by ADMINISTRATION,83,Event count can be higher than case count because one case may contain repeated rejection activities.
4. How many applications get rejected?,Rejection activities by event count,Permit REJECTED by MISSING,43,Event count can be higher than case count because one case may contain repeated rejection activities.
4. How many applications get rejected?,Rejection activities by event count,Declaration REJECTED by BUDGET OWNER,40,Event count can be higher than case count because one case may contain repeated rejection activities.
4. How many applications get rejected?,Rejection activities by event count,Permit REJECTED by BUDGET OWNER,31,Event count can be higher than case count because one case may contain repeated rejection activities.
4. How many applications get rejected?,Rejection activities by event count,Permit REJECTED by PRE_APPROVER,25,Event count can be higher than case count because one case may contain repeated rejection activities.
4. How many applications get rejected?,Rejection activities by event count,Declaration REJECTED by DIRECTOR,4,Event count can be higher than case count because one case may contain repeated rejection activities.
4. How many applications get rejected?,Rejection activities by event count,Permit REJECTED by DIRECTOR,1,Event count can be higher than case count because one case may contain repeated rejection activities.
"5. Can you find unexpected behavior, e.g. missing permits?",Missing permit / approval checks,Declaration submitted but no permit submitted,438,Possible missing permit record before declaration submission.
"5. Can you find unexpected behavior, e.g. missing permits?",Missing permit / approval checks,Payment handled but no permit submitted,426,Possible payment despite missing permit record.
"5. Can you find unexpected behavior, e.g. missing permits?",Missing permit / approval checks,Payment handled but no permit final approval,426,Possible payment without completed permit approval.
"5. Can you find unexpected behavior, e.g. missing permits?",Missing permit / approval checks,Payment handled but no declaration final approval,0,Important approval-control check before payment.
"5. Can you find unexpected behavior, e.g. missing permits?",Sequence/order checks,Payment Handled before End trip,536,Payment appears before trip completion. This may suggest non-conformance or timestamp/data-quality issues.
6. Are there patterns that would suggest non-conformance?,Non-conformance indicators,Payment Handled before End trip,536,Payment appears before trip completion. This may suggest non-conformance or timestamp/data-quality issues.
"5. Can you find unexpected behavior, e.g. missing permits?",Sequence/order checks,Start trip after Payment Handled,415,Trip appears to start after payment is already handled. This is an abnormal sequence.
6. Are there patterns that would suggest non-conformance?,Non-conformance indicators,Start trip after Payment Handled,415,Trip appears to start after payment is already handled. This is an abnormal sequence.
"5. Can you find unexpected behavior, e.g. missing permits?",Sequence/order checks,Start trip before Permit Final Approval,1130,Trip appears to start before permit approval is fully completed.
6. Are there patterns that would suggest non-conformance?,Non-conformance indicators,Start trip before Permit Final Approval,1130,Trip appears to start before permit approval is fully completed.
"5. Can you find unexpected behavior, e.g. missing permits?",Sequence/order checks,Declaration Submitted before End trip,809,Declaration appears before trip completion. This may be allowed only if policy permits early submission.
6. Are there patterns that would suggest non-conformance?,Non-conformance indicators,Declaration Submitted before End trip,809,Declaration appears before trip completion. This may be allowed only if policy permits early submission.
"5. Can you find unexpected behavior, e.g. missing permits?",Sequence/order checks,Payment Handled before Request Payment,3,Payment appears before the payment request event.
6. Are there patterns that would suggest non-conformance?,Non-conformance indicators,Payment Handled before Request Payment,3,Payment appears before the payment request event.
6. Are there patterns that would suggest non-conformance?,Positive conformance check,Payment handled without declaration final approval,0,A value of 0 suggests that payment does not bypass declaration final approval.
7. International results prepared for later comparison,International-only comparison metrics,Total cases,6449,International log size.
7. International results prepared for later comparison,International-only comparison metrics,Total events,72151,Total number of recorded events.
7. International results prepared for later comparison,International-only comparison metrics,Unique activities,34,Number of activities in the international process.
7. International results prepared for later comparison,International-only comparison metrics,Unique variants,753,Number of unique process paths identified by Python.
7. International results prepared for later comparison,International-only comparison metrics,Top 1 variant coverage,21.23%,Share of cases following the most common variant.
7. International results prepared for later comparison,International-only comparison metrics,Top 5 variant coverage,45.27%,Share of cases covered by the five most common variants.
7. International results prepared for later comparison,International-only comparison metrics,Rejected cases,1755,Cases with at least one rejection activity.
7. International results prepared for later comparison,International-only comparison metrics,Rejection rate,27.21%,Rejected cases divided by total cases.
7. International results prepared for later comparison,International-only comparison metrics,Main bottleneck,End Trip -> Declaration Submitted by Employee,Based on largest median delay among checked intervals.
7. International results prepared for later comparison,International-only comparison metrics,Main non-conformance indicator,Start trip before Permit Final Approval,1130 cases.
8. What is missing to provide more detailed insights?,Missing data / context,Rejection reasons,Missing or not explicit in the log,Needed to identify exact causes of rejection.
8. What is missing to provide more detailed insights?,Missing data / context,Document status,Missing or not explicit in the log,Needed to know whether receipts or attachments were missing.
8. What is missing to provide more detailed insights?,Missing data / context,Travel purpose,Missing or not explicit in the log,Needed to explain why some cases require more approvals.
8. What is missing to provide more detailed insights?,Missing data / context,Destination country,Missing or not explicit in the log,Needed to analyze risk or complexity by destination.
8. What is missing to provide more detailed insights?,Missing data / context,Claim amount or amount category,Missing or not explicit in the log,Needed to assess whether high-value trips follow different paths.
8. What is missing to provide more detailed insights?,Missing data / context,Department or faculty,Missing or not explicit in the log,Needed to detect department-specific bottlenecks.
8. What is missing to provide more detailed insights?,Missing data / context,Approver ID or workload,Missing or not explicit in the log,Needed to identify workload-related delays.
8. What is missing to provide more detailed insights?,Missing data / context,Official SLA targets,Missing or not explicit in the log,Needed to judge whether observed durations are acceptable.
8. What is missing to provide more detailed insights?,Missing data / context,Official conformance rules,Missing or not explicit in the log,Needed to distinguish real violations from legitimate exceptions.
8. What is missing to provide more detailed insights?,Missing data / context,Actual vs planned travel dates,Missing or not explicit in the log,Needed to interpret sequence anomalies around trip start/end.
9. Reflect on where supervised / unsupervised ML could help,Supervised machine learning,Predict rejection risk,Potential use case,Use case features to predict whether a declaration is likely to be rejected.
9. Reflect on where supervised / unsupervised ML could help,Supervised machine learning,Predict long-running cases,Potential use case,Predict cases likely to exceed 60/90 days or SLA thresholds.
9. Reflect on where supervised / unsupervised ML could help,Supervised machine learning,Predict late declaration submission,Potential use case,Identify employees/cases likely to delay submission after trip end.
9. Reflect on where supervised / unsupervised ML could help,Supervised machine learning,Predict missing permit risk,Potential use case,Flag cases likely to have missing permit-related records.
9. Reflect on where supervised / unsupervised ML could help,Supervised machine learning,Predict payment delay,Potential use case,Identify cases likely to take long after payment request.
9. Reflect on where supervised / unsupervised ML could help,Unsupervised machine learning,Cluster process variants,Potential use case,"Group similar variants into standard, approval-heavy, rejection-heavy, or anomalous paths."
9. Reflect on where supervised / unsupervised ML could help,Unsupervised machine learning,Anomaly detection,Potential use case,Detect unusual sequences such as payment before trip end.
9. Reflect on where supervised / unsupervised ML could help,Unsupervised machine learning,Outlier detection,Potential use case,Identify extremely long-running cases.
9. Reflect on where supervised / unsupervised ML could help,Unsupervised machine learning,Sequence clustering,Potential use case,Group cases based on activity order.
9. Reflect on where supervised / unsupervised ML could help,Unsupervised machine learning,Rework pattern discovery,Potential use case,Identify repeated rejection or correction loops.
10. Can you think of useful KPIs?,Recommended KPIs,Average full throughput time,Recommended KPI,Average time from permit submission to payment handled.
10. Can you think of useful KPIs?,Recommended KPIs,Median full throughput time,Recommended KPI,Typical full process duration less affected by outliers.
10. Can you think of useful KPIs?,Recommended KPIs,End Trip -> Declaration Submitted duration,Recommended KPI,Measures employee submission delay after travel.
10. Can you think of useful KPIs?,Recommended KPIs,Declaration Submitted -> Payment Handled duration,Recommended KPI,Measures reimbursement processing time.
10. Can you think of useful KPIs?,Recommended KPIs,Request Payment -> Payment Handled duration,Recommended KPI,Measures finance/payment handling speed.
10. Can you think of useful KPIs?,Recommended KPIs,Rejection rate,Recommended KPI,Percentage of cases with at least one rejection activity.
10. Can you think of useful KPIs?,Recommended KPIs,Rework rate,Recommended KPI,Percentage of cases with repeated rejection or repeated approval loops.
10. Can you think of useful KPIs?,Recommended KPIs,Missing permit rate,Recommended KPI,Percentage of cases with declaration/payment but no recorded permit.
10. Can you think of useful KPIs?,Recommended KPIs,Start trip before permit final approval rate,Recommended KPI,Measures possible travel authorization non-conformance.
10. Can you think of useful KPIs?,Recommended KPIs,Payment before trip end rate,Recommended KPI,Measures abnormal payment timing.
10. Can you think of useful KPIs?,Recommended KPIs,Number of variants,Recommended KPI,Measures process complexity.
10. Can you think of useful KPIs?,Recommended KPIs,Top 5 variant coverage,Recommended KPI,Measures process standardization.
10. Can you think of useful KPIs?,Recommended KPIs,Cases exceeding SLA threshold,Recommended KPI,Tracks cases requiring escalation.
11. Make specific recommendations for improving the process,Recommendations,Introduce post-trip declaration reminders,Recommended action,"Send reminders 3, 7, and 14 days after trip end to reduce late employee submissions."
11. Make specific recommendations for improving the process,Recommendations,Add mandatory declaration submission checks,Recommended action,"Require receipts, dates, cost category, amount information, and permit reference before submission."
11. Make specific recommendations for improving the process,Recommendations,Add automatic permit validation,Recommended action,Flag or block cases where payment is requested without a valid permit submission and permit final approval.
11. Make specific recommendations for improving the process,Recommendations,Monitor trips starting before permit final approval,Recommended action,Trigger alerts when Start trip occurs before Permit Final Approval.
11. Make specific recommendations for improving the process,Recommendations,Escalate long-running cases,Recommended action,"Create escalation rules for cases open longer than 30, 60, 90, or 180 days."
11. Make specific recommendations for improving the process,Recommendations,Add rejection-reason fields,Recommended action,Require users or approvers to record why a permit or declaration was rejected.
11. Make specific recommendations for improving the process,Recommendations,Review rare and complex variants,Recommended action,Investigate low-frequency variants to determine whether they are legitimate exceptions or unnecessary deviations.
11. Make specific recommendations for improving the process,Recommendations,Improve timestamp reliability,Recommended action,Clarify whether trip start/end dates are planned or actual dates and validate impossible sequences.
11. Make specific recommendations for improving the process,Recommendations,Create a process monitoring dashboard,Recommended action,"Monitor throughput time, rejection rate, missing permits, non-conformance patterns, and long-running cases."
Tool comparison,Python vs Celonis,Python strength,Observation,"Exact case-level calculations, rejection rates, sequence checks, missing-permit checks, and reproducibility."
Tool comparison,Python vs Celonis,Celonis strength,Observation,"Visual process maps, Variant Explorer, Process Explorer, Throughput Time Explorer, and communication through screenshots."
Tool comparison,Python vs Celonis,Python limitation,Observation,Less visually intuitive unless additional plotting or PM4Py visualization is added.
Tool comparison,Python vs Celonis,Celonis limitation,Observation,Some case-level filtering can be difficult or misleading if filters use all-activity logic instead of any-activity logic.
Tool comparison,Python vs Celonis,Combined value,Observation,"Celonis makes the process understandable visually, while Python confirms the findings with exact numbers."
