case:concept:name,concept:name,repeat_count
declaration 113462,Declaration SUBMITTED by EMPLOYEE,7
declaration 113462,Declaration REJECTED by EMPLOYEE,6
declaration 113123,Declaration REJECTED by ADMINISTRATION,6
declaration 113123,Declaration SUBMITTED by EMPLOYEE,6
declaration 113462,Declaration REJECTED by ADMINISTRATION,5
declaration 108210,Declaration SUBMITTED by EMPLOYEE,5
declaration 137336,Declaration SUBMITTED by EMPLOYEE,5
declaration 112825,Declaration SUBMITTED by EMPLOYEE,4
declaration 117374,Declaration SUBMITTED by EMPLOYEE,4
declaration 100971,Declaration SUBMITTED by EMPLOYEE,4
declaration 117811,Declaration SUBMITTED by EMPLOYEE,4
declaration 100971,Declaration APPROVED by ADMINISTRATION,4
declaration 123315,Declaration SUBMITTED by EMPLOYEE,4
declaration 111577,Declaration SUBMITTED by EMPLOYEE,4
declaration 127808,Declaration SUBMITTED by EMPLOYEE,4
declaration 99069,Declaration SUBMITTED by EMPLOYEE,4
declaration 142449,Declaration SUBMITTED by EMPLOYEE,4
declaration 90008,Declaration FINAL_APPROVED by SUPERVISOR,4
declaration 90008,Declaration SUBMITTED by EMPLOYEE,4
declaration 125284,Declaration SUBMITTED by EMPLOYEE,3
declaration 117374,Declaration REJECTED by ADMINISTRATION,3
declaration 117374,Declaration REJECTED by EMPLOYEE,3
declaration 99658,Declaration SUBMITTED by EMPLOYEE,3
declaration 112825,Declaration REJECTED by ADMINISTRATION,3
declaration 104233,Declaration SUBMITTED by EMPLOYEE,3
declaration 112825,Declaration REJECTED by EMPLOYEE,3
declaration 115924,Declaration SUBMITTED by EMPLOYEE,3
declaration 123315,Declaration REJECTED by ADMINISTRATION,3
declaration 99892,Declaration SUBMITTED by EMPLOYEE,3
declaration 119402,Declaration SUBMITTED by EMPLOYEE,3
declaration 104544,Declaration SUBMITTED by EMPLOYEE,3
declaration 120066,Declaration SUBMITTED by EMPLOYEE,3
declaration 122900,Declaration SUBMITTED by EMPLOYEE,3
declaration 100971,Declaration REJECTED by EMPLOYEE,3
declaration 108190,Declaration SUBMITTED by EMPLOYEE,3
declaration 108210,Declaration APPROVED by ADMINISTRATION,3
declaration 118962,Declaration SUBMITTED by EMPLOYEE,3
declaration 113197,Declaration SUBMITTED by EMPLOYEE,3
declaration 122199,Declaration SUBMITTED by EMPLOYEE,3
declaration 119418,Declaration SUBMITTED by EMPLOYEE,3
declaration 114842,Declaration SUBMITTED by EMPLOYEE,3
declaration 111361,Declaration SUBMITTED by EMPLOYEE,3
declaration 120217,Declaration SUBMITTED by EMPLOYEE,3
declaration 123315,Declaration REJECTED by EMPLOYEE,3
declaration 119445,Declaration SUBMITTED by EMPLOYEE,3
declaration 119023,Declaration SUBMITTED by EMPLOYEE,3
declaration 108754,Declaration SUBMITTED by EMPLOYEE,3
declaration 101937,Declaration SUBMITTED by EMPLOYEE,3
declaration 121058,Declaration SUBMITTED by EMPLOYEE,3
declaration 111577,Declaration APPROVED by ADMINISTRATION,3
declaration 111577,Declaration REJECTED by EMPLOYEE,3
declaration 122927,Declaration SUBMITTED by EMPLOYEE,3
declaration 118449,Declaration SUBMITTED by EMPLOYEE,3
declaration 120339,Declaration SUBMITTED by EMPLOYEE,3
declaration 113528,Declaration SUBMITTED by EMPLOYEE,3
declaration 111708,Declaration SUBMITTED by EMPLOYEE,3
declaration 105852,Declaration SUBMITTED by EMPLOYEE,3
declaration 109518,Declaration SUBMITTED by EMPLOYEE,3
declaration 102464,Declaration SUBMITTED by EMPLOYEE,3
declaration 124561,Declaration SUBMITTED by EMPLOYEE,3
declaration 120488,Declaration SUBMITTED by EMPLOYEE,3
declaration 109528,Declaration SUBMITTED by EMPLOYEE,3
declaration 122625,Declaration SUBMITTED by EMPLOYEE,3
declaration 116708,Declaration SUBMITTED by EMPLOYEE,3
declaration 109550,Declaration SUBMITTED by EMPLOYEE,3
declaration 117811,Declaration REJECTED by EMPLOYEE,3
declaration 111880,Declaration SUBMITTED by EMPLOYEE,3
declaration 116724,Declaration SUBMITTED by EMPLOYEE,3
declaration 113827,Declaration SUBMITTED by EMPLOYEE,3
declaration 126499,Declaration SUBMITTED by EMPLOYEE,3
declaration 119745,Declaration APPROVED by ADMINISTRATION,3
declaration 113840,Declaration SUBMITTED by EMPLOYEE,3
declaration 125001,Declaration SUBMITTED by EMPLOYEE,3
declaration 123898,Declaration SUBMITTED by EMPLOYEE,3
declaration 112150,Declaration SUBMITTED by EMPLOYEE,3
declaration 103172,Declaration SUBMITTED by EMPLOYEE,3
declaration 119745,Declaration SUBMITTED by EMPLOYEE,3
declaration 125760,Declaration SUBMITTED by EMPLOYEE,3
declaration 110070,Declaration SUBMITTED by EMPLOYEE,3
declaration 113934,Declaration SUBMITTED by EMPLOYEE,3
declaration 120659,Declaration SUBMITTED by EMPLOYEE,3
declaration 117958,Declaration SUBMITTED by EMPLOYEE,3
declaration 107073,Declaration SUBMITTED by EMPLOYEE,3
declaration 103429,Declaration SUBMITTED by EMPLOYEE,3
declaration 110191,Declaration SUBMITTED by EMPLOYEE,3
declaration 112307,Declaration SUBMITTED by EMPLOYEE,3
declaration 103462,Declaration SUBMITTED by EMPLOYEE,3
declaration 125183,Declaration SUBMITTED by EMPLOYEE,3
declaration 115732,Declaration SUBMITTED by EMPLOYEE,3
declaration 114249,Declaration SUBMITTED by EMPLOYEE,3
declaration 103537,Declaration SUBMITTED by EMPLOYEE,3
declaration 107364,Declaration APPROVED by ADMINISTRATION,3
declaration 117982,Declaration SUBMITTED by EMPLOYEE,3
declaration 112485,Declaration SUBMITTED by EMPLOYEE,3
declaration 107364,Declaration SUBMITTED by EMPLOYEE,3
declaration 103881,Declaration SUBMITTED by EMPLOYEE,3
declaration 127808,Declaration REJECTED by ADMINISTRATION,3
declaration 127808,Declaration REJECTED by EMPLOYEE,3
declaration 123921,Declaration SUBMITTED by EMPLOYEE,3
declaration 128214,Declaration SUBMITTED by EMPLOYEE,3
declaration 128285,Declaration SUBMITTED by EMPLOYEE,3
declaration 128317,Declaration SUBMITTED by EMPLOYEE,3
declaration 128329,Declaration SUBMITTED by EMPLOYEE,3
declaration 129484,Declaration SUBMITTED by EMPLOYEE,3
declaration 129622,Declaration REJECTED by ADMINISTRATION,3
declaration 129622,Declaration SUBMITTED by EMPLOYEE,3
declaration 129996,Declaration SUBMITTED by EMPLOYEE,3
declaration 133039,Declaration SUBMITTED by EMPLOYEE,3
declaration 133372,Declaration SUBMITTED by EMPLOYEE,3
declaration 133866,Declaration SUBMITTED by EMPLOYEE,3
declaration 133882,Declaration SUBMITTED by EMPLOYEE,3
declaration 134394,Declaration SUBMITTED by EMPLOYEE,3
declaration 134835,Declaration SUBMITTED by EMPLOYEE,3
declaration 135287,Declaration SUBMITTED by EMPLOYEE,3
declaration 135985,Declaration SUBMITTED by EMPLOYEE,3
declaration 137336,Declaration REJECTED by EMPLOYEE,3
declaration 115750,Declaration SUBMITTED by EMPLOYEE,3
declaration 138029,Declaration SUBMITTED by EMPLOYEE,3
declaration 107452,Declaration SUBMITTED by EMPLOYEE,3
declaration 138089,Declaration SUBMITTED by EMPLOYEE,3
declaration 139353,Declaration SUBMITTED by EMPLOYEE,3
declaration 140149,Declaration SUBMITTED by EMPLOYEE,3
declaration 140441,Declaration SUBMITTED by EMPLOYEE,3
declaration 141910,Declaration SUBMITTED by EMPLOYEE,3
declaration 142121,Declaration SUBMITTED by EMPLOYEE,3
declaration 142449,Declaration APPROVED by ADMINISTRATION,3
declaration 142449,Declaration REJECTED by EMPLOYEE,3
declaration 112506,Declaration SUBMITTED by EMPLOYEE,3
declaration 142822,Declaration SUBMITTED by EMPLOYEE,3
declaration 86620,Declaration SUBMITTED by EMPLOYEE,3
declaration 86720,Declaration SUBMITTED by EMPLOYEE,3
declaration 86901,Declaration SUBMITTED by EMPLOYEE,3
declaration 87305,Declaration SUBMITTED by EMPLOYEE,3
declaration 88034,Declaration SUBMITTED by EMPLOYEE,3
declaration 88373,Declaration APPROVED by PRE_APPROVER,3
declaration 88373,Declaration FINAL_APPROVED by SUPERVISOR,3
declaration 88373,Declaration SUBMITTED by EMPLOYEE,3
declaration 138089,Declaration APPROVED by ADMINISTRATION,3
declaration 89112,Declaration SUBMITTED by EMPLOYEE,3
declaration 99574,Declaration SUBMITTED by EMPLOYEE,3
declaration 90008,Declaration REJECTED by MISSING,3
declaration 122877,Declaration SUBMITTED by EMPLOYEE,3
declaration 90029,Declaration SUBMITTED by EMPLOYEE,3
declaration 90258,Declaration SUBMITTED by EMPLOYEE,3
declaration 93592,Declaration SUBMITTED by EMPLOYEE,3
declaration 96111,Declaration SUBMITTED by EMPLOYEE,3
declaration 96379,Declaration SUBMITTED by EMPLOYEE,3
declaration 97103,Declaration SUBMITTED by EMPLOYEE,3
declaration 97202,Declaration SUBMITTED by EMPLOYEE,3
declaration 97637,Declaration SUBMITTED by EMPLOYEE,3
declaration 98073,Declaration SUBMITTED by EMPLOYEE,3
declaration 100245,Declaration SUBMITTED by EMPLOYEE,3
declaration 100399,Declaration APPROVED by ADMINISTRATION,3
declaration 100399,Declaration SUBMITTED by EMPLOYEE,3
declaration 99069,Declaration REJECTED by ADMINISTRATION,3
declaration 99069,Declaration REJECTED by EMPLOYEE,3
declaration 88473,Declaration SUBMITTED by EMPLOYEE,3
declaration 102802,Declaration SUBMITTED by EMPLOYEE,2
declaration 102841,Declaration SUBMITTED by EMPLOYEE,2
declaration 103056,Declaration SUBMITTED by EMPLOYEE,2
declaration 103159,Declaration SUBMITTED by EMPLOYEE,2
declaration 103172,Declaration APPROVED by ADMINISTRATION,2
declaration 103172,Declaration REJECTED by EMPLOYEE,2
declaration 103184,Declaration APPROVED by ADMINISTRATION,2
declaration 103184,Declaration SUBMITTED by EMPLOYEE,2
declaration 103262,Declaration SUBMITTED by EMPLOYEE,2
declaration 103317,Declaration SUBMITTED by EMPLOYEE,2
declaration 103421,Declaration SUBMITTED by EMPLOYEE,2
declaration 103429,Declaration REJECTED by ADMINISTRATION,2
declaration 103429,Declaration REJECTED by EMPLOYEE,2
declaration 103462,Declaration APPROVED by ADMINISTRATION,2
declaration 103462,Declaration REJECTED by EMPLOYEE,2
declaration 103514,Declaration SUBMITTED by EMPLOYEE,2
declaration 103537,Declaration REJECTED by ADMINISTRATION,2
declaration 103537,Declaration REJECTED by EMPLOYEE,2
declaration 103759,Declaration APPROVED by ADMINISTRATION,2
declaration 103759,Declaration SUBMITTED by EMPLOYEE,2
declaration 103881,Declaration REJECTED by ADMINISTRATION,2
declaration 103881,Declaration REJECTED by EMPLOYEE,2
declaration 103940,Declaration APPROVED by ADMINISTRATION,2
declaration 103940,Declaration SUBMITTED by EMPLOYEE,2
declaration 103996,Declaration APPROVED by ADMINISTRATION,2
declaration 103996,Declaration SUBMITTED by EMPLOYEE,2
declaration 104065,Declaration SUBMITTED by EMPLOYEE,2
declaration 104219,Declaration APPROVED by ADMINISTRATION,2
declaration 104219,Declaration SUBMITTED by EMPLOYEE,2
declaration 104233,Declaration APPROVED by ADMINISTRATION,2
declaration 104233,Declaration REJECTED by EMPLOYEE,2
declaration 104295,Declaration APPROVED by ADMINISTRATION,2
declaration 104295,Declaration SUBMITTED by EMPLOYEE,2
declaration 104316,Declaration APPROVED by ADMINISTRATION,2
declaration 104316,Declaration SUBMITTED by EMPLOYEE,2
declaration 104544,Declaration APPROVED by ADMINISTRATION,2
declaration 104544,Declaration REJECTED by EMPLOYEE,2
declaration 104790,Declaration SUBMITTED by EMPLOYEE,2
declaration 104947,Declaration APPROVED by ADMINISTRATION,2
declaration 104947,Declaration SUBMITTED by EMPLOYEE,2
declaration 105023,Declaration SUBMITTED by EMPLOYEE,2
declaration 105035,Declaration SUBMITTED by EMPLOYEE,2
declaration 105101,Declaration REJECTED by EMPLOYEE,2
declaration 105101,Declaration SUBMITTED by EMPLOYEE,2
declaration 105124,Declaration REJECTED by EMPLOYEE,2
declaration 105124,Declaration SUBMITTED by EMPLOYEE,2
declaration 105242,Declaration APPROVED by ADMINISTRATION,2
declaration 105242,Declaration APPROVED by BUDGET OWNER,2
declaration 105242,Declaration SUBMITTED by EMPLOYEE,2
declaration 105289,Declaration SUBMITTED by EMPLOYEE,2
declaration 105330,Declaration SUBMITTED by EMPLOYEE,2
declaration 105349,Declaration APPROVED by ADMINISTRATION,2
declaration 105349,Declaration SUBMITTED by EMPLOYEE,2
declaration 105416,Declaration APPROVED by ADMINISTRATION,2
declaration 105416,Declaration SUBMITTED by EMPLOYEE,2
declaration 105515,Declaration APPROVED by ADMINISTRATION,2
declaration 105515,Declaration SUBMITTED by EMPLOYEE,2
declaration 105536,Declaration APPROVED by ADMINISTRATION,2
declaration 105536,Declaration SUBMITTED by EMPLOYEE,2
declaration 105552,Declaration SUBMITTED by EMPLOYEE,2
declaration 105609,Declaration SUBMITTED by EMPLOYEE,2
declaration 105655,Declaration SUBMITTED by EMPLOYEE,2
declaration 105754,Declaration SUBMITTED by EMPLOYEE,2
declaration 105762,Declaration SUBMITTED by EMPLOYEE,2
declaration 105814,Declaration APPROVED by ADMINISTRATION,2
declaration 105814,Declaration SUBMITTED by EMPLOYEE,2
declaration 105852,Declaration REJECTED by ADMINISTRATION,2
declaration 105852,Declaration REJECTED by EMPLOYEE,2
declaration 105939,Declaration SUBMITTED by EMPLOYEE,2
declaration 105987,Declaration APPROVED by ADMINISTRATION,2
declaration 105987,Declaration SUBMITTED by EMPLOYEE,2
declaration 105996,Declaration APPROVED by ADMINISTRATION,2
declaration 105996,Declaration SUBMITTED by EMPLOYEE,2
declaration 106082,Declaration SUBMITTED by EMPLOYEE,2
declaration 106187,Declaration SUBMITTED by EMPLOYEE,2
declaration 106200,Declaration SUBMITTED by EMPLOYEE,2
declaration 106298,Declaration SUBMITTED by EMPLOYEE,2
declaration 106318,Declaration SUBMITTED by EMPLOYEE,2
declaration 106342,Declaration APPROVED by ADMINISTRATION,2
declaration 106342,Declaration APPROVED by BUDGET OWNER,2
declaration 106342,Declaration SUBMITTED by EMPLOYEE,2
declaration 106385,Declaration APPROVED by ADMINISTRATION,2
declaration 106385,Declaration SUBMITTED by EMPLOYEE,2
declaration 106406,Declaration SUBMITTED by EMPLOYEE,2
declaration 106436,Declaration SUBMITTED by EMPLOYEE,2
declaration 106560,Declaration APPROVED by ADMINISTRATION,2
declaration 106560,Declaration SUBMITTED by EMPLOYEE,2
declaration 106769,Declaration SUBMITTED by EMPLOYEE,2
declaration 106954,Declaration APPROVED by ADMINISTRATION,2
declaration 106954,Declaration SUBMITTED by EMPLOYEE,2
declaration 107073,Declaration REJECTED by ADMINISTRATION,2
declaration 107073,Declaration REJECTED by EMPLOYEE,2
declaration 107105,Declaration SUBMITTED by EMPLOYEE,2
declaration 107293,Declaration SUBMITTED by EMPLOYEE,2
declaration 107348,Declaration APPROVED by ADMINISTRATION,2
declaration 107348,Declaration REJECTED by EMPLOYEE,2
declaration 107348,Declaration SUBMITTED by EMPLOYEE,2
declaration 107364,Declaration REJECTED by EMPLOYEE,2
declaration 107364,Declaration REJECTED by SUPERVISOR,2
declaration 107452,Declaration REJECTED by ADMINISTRATION,2
declaration 107452,Declaration REJECTED by EMPLOYEE,2
declaration 107586,Declaration APPROVED by ADMINISTRATION,2
declaration 107586,Declaration SUBMITTED by EMPLOYEE,2
declaration 107607,Declaration SUBMITTED by EMPLOYEE,2
declaration 107636,Declaration APPROVED by ADMINISTRATION,2
declaration 107636,Declaration SUBMITTED by EMPLOYEE,2
declaration 107732,Declaration APPROVED by ADMINISTRATION,2
declaration 107732,Declaration SUBMITTED by EMPLOYEE,2
declaration 107805,Declaration APPROVED by ADMINISTRATION,2
declaration 107805,Declaration SUBMITTED by EMPLOYEE,2
declaration 107853,Declaration SUBMITTED by EMPLOYEE,2
declaration 107991,Declaration APPROVED by ADMINISTRATION,2
declaration 107991,Declaration APPROVED by BUDGET OWNER,2
declaration 107991,Declaration SUBMITTED by EMPLOYEE,2
declaration 108046,Declaration APPROVED by ADMINISTRATION,2
declaration 108046,Declaration SUBMITTED by EMPLOYEE,2
declaration 108140,Declaration SUBMITTED by EMPLOYEE,2
declaration 108210,Declaration REJECTED by EMPLOYEE,2
declaration 108346,Declaration APPROVED by ADMINISTRATION,2
declaration 108346,Declaration SUBMITTED by EMPLOYEE,2
declaration 108421,Declaration SUBMITTED by EMPLOYEE,2
declaration 108613,Declaration APPROVED by ADMINISTRATION,2
declaration 108613,Declaration SUBMITTED by EMPLOYEE,2
declaration 108703,Declaration APPROVED by ADMINISTRATION,2
declaration 108703,Declaration SUBMITTED by EMPLOYEE,2
declaration 108729,Declaration APPROVED by ADMINISTRATION,2
declaration 108729,Declaration SUBMITTED by EMPLOYEE,2
declaration 108754,Declaration REJECTED by ADMINISTRATION,2
declaration 108754,Declaration REJECTED by EMPLOYEE,2
declaration 108771,Declaration SUBMITTED by EMPLOYEE,2
declaration 108821,Declaration APPROVED by ADMINISTRATION,2
declaration 108821,Declaration REJECTED by EMPLOYEE,2
declaration 108821,Declaration REJECTED by SUPERVISOR,2
declaration 108821,Declaration SUBMITTED by EMPLOYEE,2
declaration 108877,Declaration SUBMITTED by EMPLOYEE,2
declaration 109079,Declaration FINAL_APPROVED by SUPERVISOR,2
declaration 109079,Declaration SUBMITTED by EMPLOYEE,2
declaration 109098,Declaration SUBMITTED by EMPLOYEE,2
declaration 109398,Declaration APPROVED by ADMINISTRATION,2
declaration 109398,Declaration SUBMITTED by EMPLOYEE,2
declaration 109528,Declaration REJECTED by ADMINISTRATION,2
declaration 109528,Declaration REJECTED by EMPLOYEE,2
declaration 109550,Declaration REJECTED by ADMINISTRATION,2
declaration 109550,Declaration REJECTED by EMPLOYEE,2
declaration 109561,Declaration SUBMITTED by EMPLOYEE,2
declaration 109569,Declaration REJECTED by ADMINISTRATION,2
declaration 109569,Declaration REJECTED by EMPLOYEE,2
declaration 109569,Declaration SUBMITTED by EMPLOYEE,2
declaration 109626,Declaration SUBMITTED by EMPLOYEE,2
declaration 109708,Declaration APPROVED by ADMINISTRATION,2
declaration 109708,Declaration SUBMITTED by EMPLOYEE,2
declaration 109851,Declaration SUBMITTED by EMPLOYEE,2
declaration 109942,Declaration APPROVED by ADMINISTRATION,2
declaration 109942,Declaration SUBMITTED by EMPLOYEE,2
declaration 110051,Declaration SUBMITTED by EMPLOYEE,2
declaration 110070,Declaration REJECTED by ADMINISTRATION,2
declaration 110070,Declaration REJECTED by EMPLOYEE,2
declaration 110107,Declaration SUBMITTED by EMPLOYEE,2
declaration 110120,Declaration SUBMITTED by EMPLOYEE,2
declaration 110191,Declaration FINAL_APPROVED by SUPERVISOR,2
declaration 110248,Declaration APPROVED by ADMINISTRATION,2
declaration 110248,Declaration SUBMITTED by EMPLOYEE,2
declaration 110358,Declaration REJECTED by EMPLOYEE,2
declaration 110358,Declaration SUBMITTED by EMPLOYEE,2
declaration 110558,Declaration SUBMITTED by EMPLOYEE,2
declaration 110566,Declaration APPROVED by ADMINISTRATION,2
declaration 110566,Declaration SUBMITTED by EMPLOYEE,2
declaration 110575,Declaration APPROVED by ADMINISTRATION,2
declaration 110575,Declaration SUBMITTED by EMPLOYEE,2
declaration 110600,Declaration APPROVED by ADMINISTRATION,2
declaration 110600,Declaration APPROVED by BUDGET OWNER,2
declaration 110600,Declaration SUBMITTED by EMPLOYEE,2
declaration 110714,Declaration SUBMITTED by EMPLOYEE,2
declaration 110750,Declaration APPROVED by ADMINISTRATION,2
declaration 110750,Declaration SUBMITTED by EMPLOYEE,2
declaration 110816,Declaration SUBMITTED by EMPLOYEE,2
declaration 110829,Declaration APPROVED by ADMINISTRATION,2
declaration 110829,Declaration SUBMITTED by EMPLOYEE,2
declaration 110843,Declaration SUBMITTED by EMPLOYEE,2
declaration 110997,Declaration SUBMITTED by EMPLOYEE,2
declaration 111042,Declaration SUBMITTED by EMPLOYEE,2
declaration 111147,Declaration SUBMITTED by EMPLOYEE,2
declaration 111177,Declaration APPROVED by ADMINISTRATION,2
declaration 111177,Declaration SUBMITTED by EMPLOYEE,2
declaration 111233,Declaration SUBMITTED by EMPLOYEE,2
declaration 111290,Declaration SUBMITTED by EMPLOYEE,2
declaration 111352,Declaration SUBMITTED by EMPLOYEE,2
declaration 111361,Declaration APPROVED by ADMINISTRATION,2
declaration 111361,Declaration REJECTED by EMPLOYEE,2
declaration 111384,Declaration SUBMITTED by EMPLOYEE,2
declaration 111392,Declaration SUBMITTED by EMPLOYEE,2
declaration 111426,Declaration APPROVED by ADMINISTRATION,2
declaration 111426,Declaration SUBMITTED by EMPLOYEE,2
declaration 111435,Declaration APPROVED by ADMINISTRATION,2
declaration 111435,Declaration SUBMITTED by EMPLOYEE,2
declaration 111449,Declaration SUBMITTED by EMPLOYEE,2
declaration 111517,Declaration SUBMITTED by EMPLOYEE,2
declaration 111599,Declaration SUBMITTED by EMPLOYEE,2
declaration 111652,Declaration SUBMITTED by EMPLOYEE,2
declaration 111700,Declaration SUBMITTED by EMPLOYEE,2
declaration 111708,Declaration REJECTED by ADMINISTRATION,2
declaration 111708,Declaration REJECTED by EMPLOYEE,2
declaration 111751,Declaration SUBMITTED by EMPLOYEE,2
declaration 111780,Declaration SUBMITTED by EMPLOYEE,2
declaration 111818,Declaration SUBMITTED by EMPLOYEE,2
declaration 111839,Declaration SUBMITTED by EMPLOYEE,2
declaration 111880,Declaration REJECTED by ADMINISTRATION,2
declaration 111880,Declaration REJECTED by EMPLOYEE,2
declaration 111991,Declaration SUBMITTED by EMPLOYEE,2
declaration 112038,Declaration SUBMITTED by EMPLOYEE,2
declaration 112046,Declaration SUBMITTED by EMPLOYEE,2
declaration 112097,Declaration SUBMITTED by EMPLOYEE,2
declaration 112122,Declaration SUBMITTED by EMPLOYEE,2
declaration 112150,Declaration APPROVED by ADMINISTRATION,2
declaration 112150,Declaration REJECTED by EMPLOYEE,2
declaration 112192,Declaration SUBMITTED by EMPLOYEE,2
declaration 112216,Declaration SUBMITTED by EMPLOYEE,2
declaration 112239,Declaration SUBMITTED by EMPLOYEE,2
declaration 112307,Declaration REJECTED by ADMINISTRATION,2
declaration 112307,Declaration REJECTED by EMPLOYEE,2
declaration 112360,Declaration SUBMITTED by EMPLOYEE,2
declaration 112438,Declaration SUBMITTED by EMPLOYEE,2
declaration 112485,Declaration REJECTED by ADMINISTRATION,2
declaration 112485,Declaration REJECTED by EMPLOYEE,2
declaration 112506,Declaration REJECTED by ADMINISTRATION,2
declaration 112506,Declaration REJECTED by EMPLOYEE,2
declaration 112576,Declaration SUBMITTED by EMPLOYEE,2
declaration 112585,Declaration SUBMITTED by EMPLOYEE,2
declaration 112638,Declaration SUBMITTED by EMPLOYEE,2
declaration 112817,Declaration SUBMITTED by EMPLOYEE,2
declaration 112958,Declaration APPROVED by ADMINISTRATION,2
declaration 112958,Declaration SUBMITTED by EMPLOYEE,2
declaration 112989,Declaration REJECTED by EMPLOYEE,2
declaration 112989,Declaration SUBMITTED by EMPLOYEE,2
declaration 113163,Declaration SUBMITTED by EMPLOYEE,2
declaration 113197,Declaration REJECTED by ADMINISTRATION,2
declaration 113197,Declaration REJECTED by EMPLOYEE,2
declaration 113231,Declaration SUBMITTED by EMPLOYEE,2
declaration 113264,Declaration SUBMITTED by EMPLOYEE,2
declaration 113295,Declaration SUBMITTED by EMPLOYEE,2
declaration 113369,Declaration SUBMITTED by EMPLOYEE,2
declaration 113412,Declaration SUBMITTED by EMPLOYEE,2
declaration 113449,Declaration SUBMITTED by EMPLOYEE,2
declaration 113462,Declaration APPROVED by ADMINISTRATION,2
declaration 113495,Declaration APPROVED by ADMINISTRATION,2
declaration 113495,Declaration SUBMITTED by EMPLOYEE,2
declaration 113513,Declaration SUBMITTED by EMPLOYEE,2
declaration 113528,Declaration REJECTED by ADMINISTRATION,2
declaration 113528,Declaration REJECTED by EMPLOYEE,2
declaration 113613,Declaration SUBMITTED by EMPLOYEE,2
declaration 113628,Declaration SUBMITTED by EMPLOYEE,2
declaration 113793,Declaration SUBMITTED by EMPLOYEE,2
declaration 113812,Declaration APPROVED by ADMINISTRATION,2
declaration 113812,Declaration SUBMITTED by EMPLOYEE,2
declaration 113827,Declaration APPROVED by ADMINISTRATION,2
declaration 113827,Declaration REJECTED by EMPLOYEE,2
declaration 113840,Declaration APPROVED by ADMINISTRATION,2
declaration 113840,Declaration REJECTED by EMPLOYEE,2
declaration 113877,Declaration SUBMITTED by EMPLOYEE,2
declaration 113885,Declaration SUBMITTED by EMPLOYEE,2
declaration 113934,Declaration REJECTED by ADMINISTRATION,2
declaration 113934,Declaration REJECTED by EMPLOYEE,2
declaration 113980,Declaration SUBMITTED by EMPLOYEE,2
declaration 114195,Declaration SUBMITTED by EMPLOYEE,2
declaration 114249,Declaration REJECTED by ADMINISTRATION,2
declaration 114249,Declaration REJECTED by EMPLOYEE,2
declaration 114261,Declaration SUBMITTED by EMPLOYEE,2
declaration 114274,Declaration REJECTED by EMPLOYEE,2
declaration 114274,Declaration SUBMITTED by EMPLOYEE,2
declaration 114348,Declaration SUBMITTED by EMPLOYEE,2
declaration 114367,Declaration SUBMITTED by EMPLOYEE,2
declaration 114490,Declaration SUBMITTED by EMPLOYEE,2
declaration 114498,Declaration SUBMITTED by EMPLOYEE,2
declaration 114558,Declaration SUBMITTED by EMPLOYEE,2
declaration 114566,Declaration SUBMITTED by EMPLOYEE,2
declaration 114602,Declaration SUBMITTED by EMPLOYEE,2
declaration 114669,Declaration APPROVED by ADMINISTRATION,2
declaration 114669,Declaration SUBMITTED by EMPLOYEE,2
declaration 114731,Declaration SUBMITTED by EMPLOYEE,2
declaration 114761,Declaration SUBMITTED by EMPLOYEE,2
declaration 114842,Declaration REJECTED by ADMINISTRATION,2
declaration 114842,Declaration REJECTED by EMPLOYEE,2
declaration 114863,Declaration SUBMITTED by EMPLOYEE,2
declaration 114912,Declaration SUBMITTED by EMPLOYEE,2
declaration 114926,Declaration SUBMITTED by EMPLOYEE,2
declaration 114935,Declaration SUBMITTED by EMPLOYEE,2
declaration 114994,Declaration SUBMITTED by EMPLOYEE,2
declaration 115108,Declaration SUBMITTED by EMPLOYEE,2
declaration 115179,Declaration SUBMITTED by EMPLOYEE,2
declaration 115244,Declaration SUBMITTED by EMPLOYEE,2
declaration 115387,Declaration SUBMITTED by EMPLOYEE,2
declaration 115456,Declaration APPROVED by ADMINISTRATION,2
declaration 115456,Declaration SUBMITTED by EMPLOYEE,2
declaration 115466,Declaration APPROVED by ADMINISTRATION,2
declaration 115466,Declaration SUBMITTED by EMPLOYEE,2
declaration 115483,Declaration SUBMITTED by EMPLOYEE,2
declaration 115491,Declaration SUBMITTED by EMPLOYEE,2
declaration 115499,Declaration SUBMITTED by EMPLOYEE,2
declaration 115517,Declaration APPROVED by ADMINISTRATION,2
declaration 115517,Declaration SUBMITTED by EMPLOYEE,2
declaration 115531,Declaration APPROVED by ADMINISTRATION,2
declaration 115531,Declaration SUBMITTED by EMPLOYEE,2
declaration 115540,Declaration APPROVED by ADMINISTRATION,2
declaration 115540,Declaration SUBMITTED by EMPLOYEE,2
declaration 115608,Declaration SUBMITTED by EMPLOYEE,2
declaration 115732,Declaration REJECTED by ADMINISTRATION,2
declaration 115732,Declaration REJECTED by EMPLOYEE,2
declaration 115750,Declaration REJECTED by ADMINISTRATION,2
declaration 115750,Declaration REJECTED by EMPLOYEE,2
declaration 115810,Declaration SUBMITTED by EMPLOYEE,2
declaration 115851,Declaration SUBMITTED by EMPLOYEE,2
declaration 115869,Declaration SUBMITTED by EMPLOYEE,2
declaration 115924,Declaration REJECTED by ADMINISTRATION,2
declaration 115924,Declaration REJECTED by EMPLOYEE,2
declaration 115941,Declaration SUBMITTED by EMPLOYEE,2
declaration 115993,Declaration SUBMITTED by EMPLOYEE,2
declaration 116020,Declaration SUBMITTED by EMPLOYEE,2
declaration 116028,Declaration SUBMITTED by EMPLOYEE,2
declaration 116293,Declaration SUBMITTED by EMPLOYEE,2
declaration 116307,Declaration APPROVED by ADMINISTRATION,2
declaration 116307,Declaration SUBMITTED by EMPLOYEE,2
declaration 116326,Declaration SUBMITTED by EMPLOYEE,2
declaration 116391,Declaration SUBMITTED by EMPLOYEE,2
declaration 116518,Declaration SUBMITTED by EMPLOYEE,2
declaration 116580,Declaration SUBMITTED by EMPLOYEE,2
declaration 116588,Declaration SUBMITTED by EMPLOYEE,2
declaration 116604,Declaration SUBMITTED by EMPLOYEE,2
declaration 116613,Declaration SUBMITTED by EMPLOYEE,2
declaration 116636,Declaration APPROVED by ADMINISTRATION,2
declaration 116636,Declaration SUBMITTED by EMPLOYEE,2
declaration 116699,Declaration SUBMITTED by EMPLOYEE,2
declaration 116708,Declaration REJECTED by ADMINISTRATION,2
declaration 116708,Declaration REJECTED by EMPLOYEE,2
declaration 116724,Declaration REJECTED by ADMINISTRATION,2
declaration 116724,Declaration REJECTED by EMPLOYEE,2
declaration 116751,Declaration SUBMITTED by EMPLOYEE,2
declaration 116770,Declaration APPROVED by ADMINISTRATION,2
declaration 116770,Declaration SUBMITTED by EMPLOYEE,2
declaration 116820,Declaration SUBMITTED by EMPLOYEE,2
declaration 116864,Declaration SUBMITTED by EMPLOYEE,2
declaration 116959,Declaration SUBMITTED by EMPLOYEE,2
declaration 116993,Declaration SUBMITTED by EMPLOYEE,2
declaration 117013,Declaration SUBMITTED by EMPLOYEE,2
declaration 117136,Declaration SUBMITTED by EMPLOYEE,2
declaration 117161,Declaration SUBMITTED by EMPLOYEE,2
declaration 117189,Declaration SUBMITTED by EMPLOYEE,2
declaration 117278,Declaration APPROVED by ADMINISTRATION,2
declaration 117278,Declaration SUBMITTED by EMPLOYEE,2
declaration 117441,Declaration SUBMITTED by EMPLOYEE,2
declaration 117455,Declaration SUBMITTED by EMPLOYEE,2
declaration 117467,Declaration SUBMITTED by EMPLOYEE,2
declaration 117543,Declaration REJECTED by ADMINISTRATION,2
declaration 117543,Declaration REJECTED by EMPLOYEE,2
declaration 117543,Declaration SUBMITTED by EMPLOYEE,2
declaration 117560,Declaration SUBMITTED by EMPLOYEE,2
declaration 117588,Declaration SUBMITTED by EMPLOYEE,2
declaration 117633,Declaration SUBMITTED by EMPLOYEE,2
declaration 117663,Declaration SUBMITTED by EMPLOYEE,2
declaration 117704,Declaration SUBMITTED by EMPLOYEE,2
declaration 117712,Declaration SUBMITTED by EMPLOYEE,2
declaration 117721,Declaration SUBMITTED by EMPLOYEE,2
declaration 117740,Declaration SUBMITTED by EMPLOYEE,2
declaration 117749,Declaration SUBMITTED by EMPLOYEE,2
declaration 117779,Declaration APPROVED by ADMINISTRATION,2
declaration 117779,Declaration SUBMITTED by EMPLOYEE,2
declaration 117811,Declaration APPROVED by ADMINISTRATION,2
declaration 117811,Declaration REJECTED by ADMINISTRATION,2
declaration 117832,Declaration SUBMITTED by EMPLOYEE,2
declaration 117846,Declaration SUBMITTED by EMPLOYEE,2
declaration 117871,Declaration SUBMITTED by EMPLOYEE,2
declaration 117927,Declaration SUBMITTED by EMPLOYEE,2
declaration 117935,Declaration SUBMITTED by EMPLOYEE,2
declaration 117958,Declaration REJECTED by ADMINISTRATION,2
declaration 117958,Declaration REJECTED by EMPLOYEE,2
declaration 117974,Declaration SUBMITTED by EMPLOYEE,2
declaration 118047,Declaration APPROVED by ADMINISTRATION,2
declaration 118047,Declaration SUBMITTED by EMPLOYEE,2
declaration 118071,Declaration SUBMITTED by EMPLOYEE,2
declaration 118128,Declaration SUBMITTED by EMPLOYEE,2
declaration 118157,Declaration SUBMITTED by EMPLOYEE,2
declaration 118182,Declaration APPROVED by ADMINISTRATION,2
declaration 118182,Declaration SUBMITTED by EMPLOYEE,2
declaration 118286,Declaration SUBMITTED by EMPLOYEE,2
declaration 118338,Declaration REJECTED by ADMINISTRATION,2
declaration 118338,Declaration REJECTED by EMPLOYEE,2
declaration 118338,Declaration SUBMITTED by EMPLOYEE,2
declaration 118380,Declaration APPROVED by ADMINISTRATION,2
declaration 118380,Declaration SUBMITTED by EMPLOYEE,2
declaration 118431,Declaration SUBMITTED by EMPLOYEE,2
declaration 118449,Declaration REJECTED by ADMINISTRATION,2
declaration 118449,Declaration REJECTED by EMPLOYEE,2
declaration 118524,Declaration SUBMITTED by EMPLOYEE,2
declaration 118593,Declaration SUBMITTED by EMPLOYEE,2
declaration 118703,Declaration SUBMITTED by EMPLOYEE,2
declaration 118723,Declaration SUBMITTED by EMPLOYEE,2
declaration 118737,Declaration SUBMITTED by EMPLOYEE,2
declaration 118745,Declaration SUBMITTED by EMPLOYEE,2
declaration 118753,Declaration SUBMITTED by EMPLOYEE,2
declaration 118761,Declaration SUBMITTED by EMPLOYEE,2
declaration 118769,Declaration SUBMITTED by EMPLOYEE,2
declaration 118777,Declaration SUBMITTED by EMPLOYEE,2
declaration 118785,Declaration SUBMITTED by EMPLOYEE,2
declaration 118875,Declaration SUBMITTED by EMPLOYEE,2
declaration 118893,Declaration SUBMITTED by EMPLOYEE,2
declaration 118916,Declaration SUBMITTED by EMPLOYEE,2
declaration 118924,Declaration SUBMITTED by EMPLOYEE,2
declaration 118932,Declaration SUBMITTED by EMPLOYEE,2
declaration 118940,Declaration SUBMITTED by EMPLOYEE,2
declaration 118948,Declaration SUBMITTED by EMPLOYEE,2
declaration 118962,Declaration REJECTED by ADMINISTRATION,2
declaration 118962,Declaration REJECTED by EMPLOYEE,2
declaration 119001,Declaration APPROVED by ADMINISTRATION,2
declaration 119001,Declaration SUBMITTED by EMPLOYEE,2
declaration 119015,Declaration SUBMITTED by EMPLOYEE,2
declaration 119023,Declaration REJECTED by ADMINISTRATION,2
declaration 119023,Declaration REJECTED by EMPLOYEE,2
declaration 119042,Declaration APPROVED by ADMINISTRATION,2
declaration 119042,Declaration SUBMITTED by EMPLOYEE,2
declaration 119093,Declaration SUBMITTED by EMPLOYEE,2
declaration 119122,Declaration SUBMITTED by EMPLOYEE,2
declaration 119147,Declaration APPROVED by ADMINISTRATION,2
declaration 119147,Declaration SUBMITTED by EMPLOYEE,2
declaration 119177,Declaration SUBMITTED by EMPLOYEE,2
declaration 119191,Declaration SUBMITTED by EMPLOYEE,2
declaration 119216,Declaration SUBMITTED by EMPLOYEE,2
declaration 119239,Declaration SUBMITTED by EMPLOYEE,2
declaration 119296,Declaration SUBMITTED by EMPLOYEE,2
declaration 119305,Declaration SUBMITTED by EMPLOYEE,2
declaration 119318,Declaration SUBMITTED by EMPLOYEE,2
declaration 119359,Declaration APPROVED by ADMINISTRATION,2
declaration 119359,Declaration SUBMITTED by EMPLOYEE,2
declaration 119368,Declaration APPROVED by ADMINISTRATION,2
declaration 119368,Declaration SUBMITTED by EMPLOYEE,2
declaration 119402,Declaration REJECTED by ADMINISTRATION,2
declaration 119402,Declaration REJECTED by EMPLOYEE,2
declaration 119410,Declaration SUBMITTED by EMPLOYEE,2
declaration 119418,Declaration REJECTED by ADMINISTRATION,2
declaration 119418,Declaration REJECTED by EMPLOYEE,2
declaration 119445,Declaration APPROVED by ADMINISTRATION,2
declaration 119445,Declaration REJECTED by EMPLOYEE,2
declaration 119467,Declaration SUBMITTED by EMPLOYEE,2
declaration 119490,Declaration SUBMITTED by EMPLOYEE,2
declaration 119545,Declaration SUBMITTED by EMPLOYEE,2
declaration 119559,Declaration SUBMITTED by EMPLOYEE,2
declaration 119572,Declaration SUBMITTED by EMPLOYEE,2
declaration 119590,Declaration SUBMITTED by EMPLOYEE,2
declaration 119598,Declaration SUBMITTED by EMPLOYEE,2
declaration 119611,Declaration SUBMITTED by EMPLOYEE,2
declaration 119745,Declaration APPROVED by BUDGET OWNER,2
declaration 119745,Declaration REJECTED by EMPLOYEE,2
declaration 119824,Declaration SUBMITTED by EMPLOYEE,2
declaration 119833,Declaration SUBMITTED by EMPLOYEE,2
declaration 119920,Declaration APPROVED by ADMINISTRATION,2
declaration 119920,Declaration SUBMITTED by EMPLOYEE,2
declaration 120053,Declaration SUBMITTED by EMPLOYEE,2
declaration 120066,Declaration REJECTED by ADMINISTRATION,2
declaration 120066,Declaration REJECTED by EMPLOYEE,2
declaration 120217,Declaration REJECTED by ADMINISTRATION,2
declaration 120217,Declaration REJECTED by EMPLOYEE,2
declaration 120250,Declaration SUBMITTED by EMPLOYEE,2
declaration 120339,Declaration REJECTED by ADMINISTRATION,2
declaration 120339,Declaration REJECTED by EMPLOYEE,2
declaration 120488,Declaration REJECTED by ADMINISTRATION,2
declaration 120488,Declaration REJECTED by EMPLOYEE,2
declaration 120500,Declaration SUBMITTED by EMPLOYEE,2
declaration 120513,Declaration SUBMITTED by EMPLOYEE,2
declaration 120577,Declaration SUBMITTED by EMPLOYEE,2
declaration 120659,Declaration APPROVED by ADMINISTRATION,2
declaration 120659,Declaration REJECTED by EMPLOYEE,2
declaration 120681,Declaration SUBMITTED by EMPLOYEE,2
declaration 120865,Declaration SUBMITTED by EMPLOYEE,2
declaration 120895,Declaration REJECTED by ADMINISTRATION,2
declaration 120895,Declaration SUBMITTED by EMPLOYEE,2
declaration 120906,Declaration SUBMITTED by EMPLOYEE,2
declaration 120924,Declaration SUBMITTED by EMPLOYEE,2
declaration 121058,Declaration REJECTED by ADMINISTRATION,2
declaration 121058,Declaration REJECTED by EMPLOYEE,2
declaration 121069,Declaration SUBMITTED by EMPLOYEE,2
declaration 121117,Declaration SUBMITTED by EMPLOYEE,2
declaration 121243,Declaration REJECTED by ADMINISTRATION,2
declaration 121243,Declaration REJECTED by EMPLOYEE,2
declaration 121243,Declaration SUBMITTED by EMPLOYEE,2
declaration 121261,Declaration SUBMITTED by EMPLOYEE,2
declaration 121370,Declaration APPROVED by ADMINISTRATION,2
declaration 121370,Declaration SUBMITTED by EMPLOYEE,2
declaration 121390,Declaration SUBMITTED by EMPLOYEE,2
declaration 121462,Declaration APPROVED by ADMINISTRATION,2
declaration 121462,Declaration SUBMITTED by EMPLOYEE,2
declaration 121487,Declaration SUBMITTED by EMPLOYEE,2
declaration 121566,Declaration SUBMITTED by EMPLOYEE,2
declaration 121586,Declaration SUBMITTED by EMPLOYEE,2
declaration 121683,Declaration SUBMITTED by EMPLOYEE,2
declaration 121722,Declaration APPROVED by ADMINISTRATION,2
declaration 121722,Declaration SUBMITTED by EMPLOYEE,2
declaration 121805,Declaration APPROVED by ADMINISTRATION,2
declaration 121805,Declaration SUBMITTED by EMPLOYEE,2
declaration 121911,Declaration APPROVED by ADMINISTRATION,2
declaration 121911,Declaration SUBMITTED by EMPLOYEE,2
declaration 122065,Declaration SUBMITTED by EMPLOYEE,2
declaration 122109,Declaration APPROVED by ADMINISTRATION,2
declaration 122109,Declaration SUBMITTED by EMPLOYEE,2
declaration 122123,Declaration SUBMITTED by EMPLOYEE,2
declaration 122147,Declaration SUBMITTED by EMPLOYEE,2
declaration 122167,Declaration SUBMITTED by EMPLOYEE,2
declaration 122191,Declaration SUBMITTED by EMPLOYEE,2
declaration 122199,Declaration REJECTED by ADMINISTRATION,2
declaration 122199,Declaration REJECTED by EMPLOYEE,2
declaration 122521,Declaration SUBMITTED by EMPLOYEE,2
declaration 122599,Declaration SUBMITTED by EMPLOYEE,2
declaration 122625,Declaration REJECTED by ADMINISTRATION,2
declaration 122625,Declaration REJECTED by EMPLOYEE,2
declaration 122642,Declaration SUBMITTED by EMPLOYEE,2
declaration 122713,Declaration APPROVED by ADMINISTRATION,2
declaration 122713,Declaration SUBMITTED by EMPLOYEE,2
declaration 122829,Declaration SUBMITTED by EMPLOYEE,2
declaration 122877,Declaration REJECTED by ADMINISTRATION,2
declaration 122877,Declaration REJECTED by EMPLOYEE,2
declaration 122900,Declaration APPROVED by ADMINISTRATION,2
declaration 122900,Declaration REJECTED by EMPLOYEE,2
declaration 122927,Declaration REJECTED by ADMINISTRATION,2
declaration 122984,Declaration SUBMITTED by EMPLOYEE,2
declaration 123085,Declaration SUBMITTED by EMPLOYEE,2
declaration 123173,Declaration APPROVED by ADMINISTRATION,2
declaration 123173,Declaration SUBMITTED by EMPLOYEE,2
declaration 123194,Declaration SUBMITTED by EMPLOYEE,2
declaration 123242,Declaration APPROVED by ADMINISTRATION,2
declaration 123242,Declaration SUBMITTED by EMPLOYEE,2
declaration 123279,Declaration SUBMITTED by EMPLOYEE,2
declaration 123300,Declaration SUBMITTED by EMPLOYEE,2
declaration 123340,Declaration SUBMITTED by EMPLOYEE,2
declaration 123407,Declaration SUBMITTED by EMPLOYEE,2
declaration 123467,Declaration SUBMITTED by EMPLOYEE,2
declaration 123483,Declaration SUBMITTED by EMPLOYEE,2
declaration 123530,Declaration SUBMITTED by EMPLOYEE,2
declaration 123539,Declaration SUBMITTED by EMPLOYEE,2
declaration 123575,Declaration SUBMITTED by EMPLOYEE,2
declaration 123595,Declaration SUBMITTED by EMPLOYEE,2
declaration 123827,Declaration SUBMITTED by EMPLOYEE,2
declaration 123898,Declaration REJECTED by ADMINISTRATION,2
declaration 123898,Declaration REJECTED by EMPLOYEE,2
declaration 123921,Declaration REJECTED by ADMINISTRATION,2
declaration 123921,Declaration REJECTED by EMPLOYEE,2
declaration 123976,Declaration APPROVED by ADMINISTRATION,2
declaration 123976,Declaration SUBMITTED by EMPLOYEE,2
declaration 124009,Declaration APPROVED by ADMINISTRATION,2
declaration 124009,Declaration SUBMITTED by EMPLOYEE,2
declaration 124030,Declaration SUBMITTED by EMPLOYEE,2
declaration 124054,Declaration APPROVED by ADMINISTRATION,2
declaration 124054,Declaration SUBMITTED by EMPLOYEE,2
declaration 124063,Declaration APPROVED by ADMINISTRATION,2
declaration 124063,Declaration SUBMITTED by EMPLOYEE,2
declaration 124121,Declaration APPROVED by ADMINISTRATION,2
declaration 124121,Declaration SUBMITTED by EMPLOYEE,2
declaration 124163,Declaration SUBMITTED by EMPLOYEE,2
declaration 124181,Declaration SUBMITTED by EMPLOYEE,2
declaration 124199,Declaration REJECTED by ADMINISTRATION,2
declaration 124199,Declaration SUBMITTED by EMPLOYEE,2
declaration 124275,Declaration SUBMITTED by EMPLOYEE,2
declaration 124289,Declaration SUBMITTED by EMPLOYEE,2
declaration 124297,Declaration SUBMITTED by EMPLOYEE,2
declaration 124326,Declaration APPROVED by ADMINISTRATION,2
declaration 124326,Declaration SUBMITTED by EMPLOYEE,2
declaration 124336,Declaration SUBMITTED by EMPLOYEE,2
declaration 124376,Declaration SUBMITTED by EMPLOYEE,2
declaration 124390,Declaration SUBMITTED by EMPLOYEE,2
declaration 124399,Declaration SUBMITTED by EMPLOYEE,2
declaration 124407,Declaration SUBMITTED by EMPLOYEE,2
declaration 124464,Declaration SUBMITTED by EMPLOYEE,2
declaration 124535,Declaration APPROVED by ADMINISTRATION,2
declaration 124535,Declaration SUBMITTED by EMPLOYEE,2
declaration 124548,Declaration SUBMITTED by EMPLOYEE,2
declaration 124561,Declaration REJECTED by ADMINISTRATION,2
declaration 124561,Declaration REJECTED by EMPLOYEE,2
declaration 124689,Declaration APPROVED by ADMINISTRATION,2
declaration 124689,Declaration SUBMITTED by EMPLOYEE,2
declaration 124736,Declaration SUBMITTED by EMPLOYEE,2
declaration 124822,Declaration SUBMITTED by EMPLOYEE,2
declaration 124840,Declaration SUBMITTED by EMPLOYEE,2
declaration 124849,Declaration SUBMITTED by EMPLOYEE,2
declaration 124883,Declaration SUBMITTED by EMPLOYEE,2
declaration 124897,Declaration SUBMITTED by EMPLOYEE,2
declaration 124977,Declaration SUBMITTED by EMPLOYEE,2
declaration 125001,Declaration APPROVED by ADMINISTRATION,2
declaration 125001,Declaration REJECTED by EMPLOYEE,2
declaration 125050,Declaration SUBMITTED by EMPLOYEE,2
declaration 125058,Declaration APPROVED by ADMINISTRATION,2
declaration 125058,Declaration SUBMITTED by EMPLOYEE,2
declaration 125132,Declaration SUBMITTED by EMPLOYEE,2
declaration 125183,Declaration REJECTED by ADMINISTRATION,2
declaration 125239,Declaration SUBMITTED by EMPLOYEE,2
declaration 125284,Declaration REJECTED by ADMINISTRATION,2
declaration 125284,Declaration REJECTED by EMPLOYEE,2
declaration 125317,Declaration SUBMITTED by EMPLOYEE,2
declaration 125411,Declaration SUBMITTED by EMPLOYEE,2
declaration 125424,Declaration APPROVED by ADMINISTRATION,2
declaration 125424,Declaration SUBMITTED by EMPLOYEE,2
declaration 125454,Declaration SUBMITTED by EMPLOYEE,2
declaration 125462,Declaration SUBMITTED by EMPLOYEE,2
declaration 125470,Declaration SUBMITTED by EMPLOYEE,2
declaration 125524,Declaration SUBMITTED by EMPLOYEE,2
declaration 125627,Declaration SUBMITTED by EMPLOYEE,2
declaration 125664,Declaration SUBMITTED by EMPLOYEE,2
declaration 125672,Declaration APPROVED by ADMINISTRATION,2
declaration 125672,Declaration SUBMITTED by EMPLOYEE,2
declaration 125708,Declaration SUBMITTED by EMPLOYEE,2
declaration 125760,Declaration REJECTED by ADMINISTRATION,2
declaration 125760,Declaration REJECTED by EMPLOYEE,2
declaration 125830,Declaration SUBMITTED by EMPLOYEE,2
declaration 125904,Declaration APPROVED by ADMINISTRATION,2
declaration 125904,Declaration SUBMITTED by EMPLOYEE,2
declaration 125940,Declaration REJECTED by EMPLOYEE,2
declaration 125940,Declaration SUBMITTED by EMPLOYEE,2
declaration 125959,Declaration APPROVED by ADMINISTRATION,2
declaration 125959,Declaration SUBMITTED by EMPLOYEE,2
declaration 126227,Declaration SUBMITTED by EMPLOYEE,2
declaration 126288,Declaration SUBMITTED by EMPLOYEE,2
declaration 126426,Declaration SUBMITTED by EMPLOYEE,2
declaration 126434,Declaration SUBMITTED by EMPLOYEE,2
declaration 126478,Declaration APPROVED by ADMINISTRATION,2
declaration 126478,Declaration SUBMITTED by EMPLOYEE,2
declaration 126490,Declaration SUBMITTED by EMPLOYEE,2
declaration 126499,Declaration REJECTED by ADMINISTRATION,2
declaration 126499,Declaration REJECTED by EMPLOYEE,2
declaration 126547,Declaration SUBMITTED by EMPLOYEE,2
declaration 126555,Declaration APPROVED by ADMINISTRATION,2
declaration 126555,Declaration SUBMITTED by EMPLOYEE,2
declaration 126659,Declaration SUBMITTED by EMPLOYEE,2
declaration 126700,Declaration APPROVED by ADMINISTRATION,2
declaration 126700,Declaration APPROVED by BUDGET OWNER,2
declaration 126700,Declaration SUBMITTED by EMPLOYEE,2
declaration 126747,Declaration SUBMITTED by EMPLOYEE,2
declaration 126852,Declaration SUBMITTED by EMPLOYEE,2
declaration 126871,Declaration SUBMITTED by EMPLOYEE,2
declaration 126884,Declaration APPROVED by ADMINISTRATION,2
declaration 126884,Declaration SUBMITTED by EMPLOYEE,2
declaration 126893,Declaration SUBMITTED by EMPLOYEE,2
declaration 126956,Declaration SUBMITTED by EMPLOYEE,2
declaration 126981,Declaration SUBMITTED by EMPLOYEE,2
declaration 127080,Declaration SUBMITTED by EMPLOYEE,2
declaration 127088,Declaration SUBMITTED by EMPLOYEE,2
declaration 127107,Declaration SUBMITTED by EMPLOYEE,2
declaration 127140,Declaration APPROVED by ADMINISTRATION,2
declaration 127140,Declaration SUBMITTED by EMPLOYEE,2
declaration 127170,Declaration SUBMITTED by EMPLOYEE,2
declaration 127185,Declaration SUBMITTED by EMPLOYEE,2
declaration 127204,Declaration SUBMITTED by EMPLOYEE,2
declaration 127378,Declaration APPROVED by ADMINISTRATION,2
declaration 127378,Declaration SUBMITTED by EMPLOYEE,2
declaration 127388,Declaration SUBMITTED by EMPLOYEE,2
declaration 127509,Declaration SUBMITTED by EMPLOYEE,2
declaration 127529,Declaration SUBMITTED by EMPLOYEE,2
declaration 127537,Declaration SUBMITTED by EMPLOYEE,2
declaration 127556,Declaration SUBMITTED by EMPLOYEE,2
declaration 127570,Declaration SUBMITTED by EMPLOYEE,2
declaration 127623,Declaration SUBMITTED by EMPLOYEE,2
declaration 127647,Declaration SUBMITTED by EMPLOYEE,2
declaration 127655,Declaration SUBMITTED by EMPLOYEE,2
declaration 127663,Declaration SUBMITTED by EMPLOYEE,2
declaration 127728,Declaration SUBMITTED by EMPLOYEE,2
declaration 127737,Declaration SUBMITTED by EMPLOYEE,2
declaration 127799,Declaration SUBMITTED by EMPLOYEE,2
declaration 100245,Declaration APPROVED by ADMINISTRATION,2
declaration 99909,Declaration SUBMITTED by EMPLOYEE,2
declaration 100122,Declaration SUBMITTED by EMPLOYEE,2
declaration 127953,Declaration SUBMITTED by EMPLOYEE,2
declaration 127989,Declaration SUBMITTED by EMPLOYEE,2
declaration 128015,Declaration SUBMITTED by EMPLOYEE,2
declaration 128023,Declaration SUBMITTED by EMPLOYEE,2
declaration 128085,Declaration SUBMITTED by EMPLOYEE,2
declaration 128093,Declaration SUBMITTED by EMPLOYEE,2
declaration 128214,Declaration REJECTED by ADMINISTRATION,2
declaration 128214,Declaration REJECTED by EMPLOYEE,2
declaration 99574,Declaration REJECTED by EMPLOYEE,2
declaration 128256,Declaration SUBMITTED by EMPLOYEE,2
declaration 128264,Declaration SUBMITTED by EMPLOYEE,2
declaration 128277,Declaration SUBMITTED by EMPLOYEE,2
declaration 128285,Declaration REJECTED by ADMINISTRATION,2
declaration 99606,Declaration APPROVED by ADMINISTRATION,2
declaration 128295,Declaration SUBMITTED by EMPLOYEE,2
declaration 128308,Declaration SUBMITTED by EMPLOYEE,2
declaration 128317,Declaration REJECTED by ADMINISTRATION,2
declaration 128317,Declaration REJECTED by EMPLOYEE,2
declaration 99606,Declaration SUBMITTED by EMPLOYEE,2
declaration 128329,Declaration REJECTED by ADMINISTRATION,2
declaration 128329,Declaration REJECTED by EMPLOYEE,2
declaration 99658,Declaration REJECTED by ADMINISTRATION,2
declaration 128340,Declaration SUBMITTED by EMPLOYEE,2
declaration 128388,Declaration SUBMITTED by EMPLOYEE,2
declaration 128396,Declaration SUBMITTED by EMPLOYEE,2
declaration 128431,Declaration SUBMITTED by EMPLOYEE,2
declaration 128497,Declaration SUBMITTED by EMPLOYEE,2
declaration 128506,Declaration SUBMITTED by EMPLOYEE,2
declaration 128632,Declaration SUBMITTED by EMPLOYEE,2
declaration 128661,Declaration SUBMITTED by EMPLOYEE,2
declaration 128669,Declaration APPROVED by ADMINISTRATION,2
declaration 128669,Declaration SUBMITTED by EMPLOYEE,2
declaration 128689,Declaration SUBMITTED by EMPLOYEE,2
declaration 128759,Declaration SUBMITTED by EMPLOYEE,2
declaration 128768,Declaration SUBMITTED by EMPLOYEE,2
declaration 128777,Declaration SUBMITTED by EMPLOYEE,2
declaration 128852,Declaration APPROVED by ADMINISTRATION,2
declaration 128852,Declaration SUBMITTED by EMPLOYEE,2
declaration 128900,Declaration SUBMITTED by EMPLOYEE,2
declaration 128944,Declaration APPROVED by ADMINISTRATION,2
declaration 128944,Declaration SUBMITTED by EMPLOYEE,2
declaration 128954,Declaration SUBMITTED by EMPLOYEE,2
declaration 128992,Declaration APPROVED by ADMINISTRATION,2
declaration 128992,Declaration SUBMITTED by EMPLOYEE,2
declaration 129073,Declaration SUBMITTED by EMPLOYEE,2
declaration 129081,Declaration SUBMITTED by EMPLOYEE,2
declaration 129117,Declaration SUBMITTED by EMPLOYEE,2
declaration 129192,Declaration APPROVED by ADMINISTRATION,2
declaration 129192,Declaration SUBMITTED by EMPLOYEE,2
declaration 129202,Declaration APPROVED by ADMINISTRATION,2
declaration 129202,Declaration SUBMITTED by EMPLOYEE,2
declaration 129238,Declaration SUBMITTED by EMPLOYEE,2
declaration 129330,Declaration SUBMITTED by EMPLOYEE,2
declaration 129393,Declaration SUBMITTED by EMPLOYEE,2
declaration 129401,Declaration SUBMITTED by EMPLOYEE,2
declaration 129426,Declaration SUBMITTED by EMPLOYEE,2
declaration 129484,Declaration REJECTED by ADMINISTRATION,2
declaration 129484,Declaration REJECTED by EMPLOYEE,2
declaration 99658,Declaration REJECTED by EMPLOYEE,2
declaration 129530,Declaration SUBMITTED by EMPLOYEE,2
declaration 129550,Declaration SUBMITTED by EMPLOYEE,2
declaration 129591,Declaration APPROVED by ADMINISTRATION,2
declaration 129591,Declaration SUBMITTED by EMPLOYEE,2
declaration 99669,Declaration SUBMITTED by EMPLOYEE,2
declaration 99704,Declaration SUBMITTED by EMPLOYEE,2
declaration 129636,Declaration SUBMITTED by EMPLOYEE,2
declaration 129661,Declaration SUBMITTED by EMPLOYEE,2
declaration 129725,Declaration SUBMITTED by EMPLOYEE,2
declaration 129753,Declaration SUBMITTED by EMPLOYEE,2
declaration 129772,Declaration APPROVED by ADMINISTRATION,2
declaration 129772,Declaration SUBMITTED by EMPLOYEE,2
declaration 129809,Declaration SUBMITTED by EMPLOYEE,2
declaration 129817,Declaration SUBMITTED by EMPLOYEE,2
declaration 129932,Declaration APPROVED by ADMINISTRATION,2
declaration 129932,Declaration SUBMITTED by EMPLOYEE,2
declaration 129959,Declaration SUBMITTED by EMPLOYEE,2
declaration 129996,Declaration REJECTED by ADMINISTRATION,2
declaration 129996,Declaration REJECTED by EMPLOYEE,2
declaration 99880,Declaration REJECTED by ADMINISTRATION,2
declaration 130077,Declaration SUBMITTED by EMPLOYEE,2
declaration 130187,Declaration SUBMITTED by EMPLOYEE,2
declaration 130343,Declaration APPROVED by ADMINISTRATION,2
declaration 130343,Declaration SUBMITTED by EMPLOYEE,2
declaration 130418,Declaration SUBMITTED by EMPLOYEE,2
declaration 130714,Declaration SUBMITTED by EMPLOYEE,2
declaration 130722,Declaration SUBMITTED by EMPLOYEE,2
declaration 130742,Declaration SUBMITTED by EMPLOYEE,2
declaration 130834,Declaration SUBMITTED by EMPLOYEE,2
declaration 130842,Declaration SUBMITTED by EMPLOYEE,2
declaration 130851,Declaration SUBMITTED by EMPLOYEE,2
declaration 130891,Declaration APPROVED by ADMINISTRATION,2
declaration 130891,Declaration SUBMITTED by EMPLOYEE,2
declaration 130967,Declaration SUBMITTED by EMPLOYEE,2
declaration 130997,Declaration SUBMITTED by EMPLOYEE,2
declaration 131033,Declaration APPROVED by ADMINISTRATION,2
declaration 131033,Declaration APPROVED by BUDGET OWNER,2
declaration 131033,Declaration SUBMITTED by EMPLOYEE,2
declaration 131044,Declaration APPROVED by ADMINISTRATION,2
declaration 131044,Declaration APPROVED by BUDGET OWNER,2
declaration 131044,Declaration SUBMITTED by EMPLOYEE,2
declaration 131084,Declaration SUBMITTED by EMPLOYEE,2
declaration 131152,Declaration SUBMITTED by EMPLOYEE,2
declaration 131191,Declaration APPROVED by ADMINISTRATION,2
declaration 131191,Declaration SUBMITTED by EMPLOYEE,2
declaration 131200,Declaration SUBMITTED by EMPLOYEE,2
declaration 131254,Declaration APPROVED by ADMINISTRATION,2
declaration 131254,Declaration APPROVED by BUDGET OWNER,2
declaration 131254,Declaration SUBMITTED by EMPLOYEE,2
declaration 131350,Declaration SUBMITTED by EMPLOYEE,2
declaration 131381,Declaration APPROVED by ADMINISTRATION,2
declaration 131381,Declaration SUBMITTED by EMPLOYEE,2
declaration 131413,Declaration SUBMITTED by EMPLOYEE,2
declaration 131427,Declaration APPROVED by ADMINISTRATION,2
declaration 131427,Declaration SUBMITTED by EMPLOYEE,2
declaration 131549,Declaration SUBMITTED by EMPLOYEE,2
declaration 131652,Declaration SUBMITTED by EMPLOYEE,2
declaration 131720,Declaration SUBMITTED by EMPLOYEE,2
declaration 131884,Declaration SUBMITTED by EMPLOYEE,2
declaration 132020,Declaration SUBMITTED by EMPLOYEE,2
declaration 132086,Declaration APPROVED by ADMINISTRATION,2
declaration 132086,Declaration SUBMITTED by EMPLOYEE,2
declaration 132164,Declaration APPROVED by ADMINISTRATION,2
declaration 132164,Declaration SUBMITTED by EMPLOYEE,2
declaration 132258,Declaration SUBMITTED by EMPLOYEE,2
declaration 132304,Declaration APPROVED by ADMINISTRATION,2
declaration 132304,Declaration SUBMITTED by EMPLOYEE,2
declaration 132427,Declaration APPROVED by ADMINISTRATION,2
declaration 132427,Declaration SUBMITTED by EMPLOYEE,2
declaration 132592,Declaration SUBMITTED by EMPLOYEE,2
declaration 132666,Declaration SUBMITTED by EMPLOYEE,2
declaration 132762,Declaration SUBMITTED by EMPLOYEE,2
declaration 132937,Declaration SUBMITTED by EMPLOYEE,2
declaration 133014,Declaration APPROVED by ADMINISTRATION,2
declaration 133014,Declaration SUBMITTED by EMPLOYEE,2
declaration 133039,Declaration REJECTED by ADMINISTRATION,2
declaration 133039,Declaration REJECTED by EMPLOYEE,2
declaration 99880,Declaration REJECTED by EMPLOYEE,2
declaration 133072,Declaration SUBMITTED by EMPLOYEE,2
declaration 133372,Declaration REJECTED by ADMINISTRATION,2
declaration 133372,Declaration REJECTED by EMPLOYEE,2
declaration 99880,Declaration SUBMITTED by EMPLOYEE,2
declaration 133383,Declaration APPROVED by ADMINISTRATION,2
declaration 133383,Declaration SUBMITTED by EMPLOYEE,2
declaration 133397,Declaration APPROVED by ADMINISTRATION,2
declaration 133397,Declaration SUBMITTED by EMPLOYEE,2
declaration 133498,Declaration SUBMITTED by EMPLOYEE,2
declaration 133506,Declaration SUBMITTED by EMPLOYEE,2
declaration 133541,Declaration SUBMITTED by EMPLOYEE,2
declaration 133633,Declaration SUBMITTED by EMPLOYEE,2
declaration 133653,Declaration SUBMITTED by EMPLOYEE,2
declaration 133671,Declaration REJECTED by EMPLOYEE,2
declaration 133671,Declaration SUBMITTED by EMPLOYEE,2
declaration 133680,Declaration REJECTED by EMPLOYEE,2
declaration 133680,Declaration SUBMITTED by EMPLOYEE,2
declaration 133689,Declaration REJECTED by EMPLOYEE,2
declaration 133689,Declaration SUBMITTED by EMPLOYEE,2
declaration 133703,Declaration SUBMITTED by EMPLOYEE,2
declaration 133717,Declaration REJECTED by ADMINISTRATION,2
declaration 133717,Declaration REJECTED by EMPLOYEE,2
declaration 133717,Declaration SUBMITTED by EMPLOYEE,2
declaration 133762,Declaration SUBMITTED by EMPLOYEE,2
declaration 133866,Declaration REJECTED by ADMINISTRATION,2
declaration 133866,Declaration REJECTED by EMPLOYEE,2
declaration 99892,Declaration REJECTED by ADMINISTRATION,2
declaration 133882,Declaration REJECTED by ADMINISTRATION,2
declaration 133882,Declaration REJECTED by EMPLOYEE,2
declaration 99892,Declaration REJECTED by EMPLOYEE,2
declaration 133941,Declaration SUBMITTED by EMPLOYEE,2
declaration 133987,Declaration SUBMITTED by EMPLOYEE,2
declaration 134098,Declaration SUBMITTED by EMPLOYEE,2
declaration 134112,Declaration REJECTED by ADMINISTRATION,2
declaration 134112,Declaration REJECTED by EMPLOYEE,2
declaration 134112,Declaration SUBMITTED by EMPLOYEE,2
declaration 134201,Declaration APPROVED by ADMINISTRATION,2
declaration 134201,Declaration SUBMITTED by EMPLOYEE,2
declaration 134211,Declaration SUBMITTED by EMPLOYEE,2
declaration 134266,Declaration SUBMITTED by EMPLOYEE,2
declaration 134279,Declaration SUBMITTED by EMPLOYEE,2
declaration 134357,Declaration SUBMITTED by EMPLOYEE,2
declaration 134370,Declaration SUBMITTED by EMPLOYEE,2
declaration 134394,Declaration REJECTED by ADMINISTRATION,2
declaration 134394,Declaration REJECTED by EMPLOYEE,2
declaration 100197,Declaration SUBMITTED by EMPLOYEE,2
declaration 134449,Declaration SUBMITTED by EMPLOYEE,2
declaration 134503,Declaration SUBMITTED by EMPLOYEE,2
declaration 134597,Declaration SUBMITTED by EMPLOYEE,2
declaration 134633,Declaration SUBMITTED by EMPLOYEE,2
declaration 134671,Declaration SUBMITTED by EMPLOYEE,2
declaration 134679,Declaration SUBMITTED by EMPLOYEE,2
declaration 134709,Declaration SUBMITTED by EMPLOYEE,2
declaration 134727,Declaration SUBMITTED by EMPLOYEE,2
declaration 134741,Declaration SUBMITTED by EMPLOYEE,2
declaration 134754,Declaration APPROVED by ADMINISTRATION,2
declaration 134754,Declaration SUBMITTED by EMPLOYEE,2
declaration 134812,Declaration SUBMITTED by EMPLOYEE,2
declaration 134835,Declaration APPROVED by ADMINISTRATION,2
declaration 134835,Declaration REJECTED by EMPLOYEE,2
declaration 100919,Declaration APPROVED by ADMINISTRATION,2
declaration 134931,Declaration SUBMITTED by EMPLOYEE,2
declaration 134972,Declaration APPROVED by ADMINISTRATION,2
declaration 134972,Declaration SUBMITTED by EMPLOYEE,2
declaration 135024,Declaration SUBMITTED by EMPLOYEE,2
declaration 135121,Declaration APPROVED by ADMINISTRATION,2
declaration 135121,Declaration SUBMITTED by EMPLOYEE,2
declaration 135287,Declaration REJECTED by ADMINISTRATION,2
declaration 135287,Declaration REJECTED by EMPLOYEE,2
declaration 100919,Declaration SUBMITTED by EMPLOYEE,2
declaration 135526,Declaration SUBMITTED by EMPLOYEE,2
declaration 135679,Declaration SUBMITTED by EMPLOYEE,2
declaration 135722,Declaration SUBMITTED by EMPLOYEE,2
declaration 135773,Declaration SUBMITTED by EMPLOYEE,2
declaration 135855,Declaration SUBMITTED by EMPLOYEE,2
declaration 135985,Declaration REJECTED by ADMINISTRATION,2
declaration 135985,Declaration REJECTED by EMPLOYEE,2
declaration 100928,Declaration SUBMITTED by EMPLOYEE,2
declaration 136117,Declaration SUBMITTED by EMPLOYEE,2
declaration 136137,Declaration SUBMITTED by EMPLOYEE,2
declaration 136162,Declaration SUBMITTED by EMPLOYEE,2
declaration 136302,Declaration SUBMITTED by EMPLOYEE,2
declaration 136436,Declaration SUBMITTED by EMPLOYEE,2
declaration 136476,Declaration APPROVED by ADMINISTRATION,2
declaration 136476,Declaration SUBMITTED by EMPLOYEE,2
declaration 136578,Declaration APPROVED by ADMINISTRATION,2
declaration 136578,Declaration SUBMITTED by EMPLOYEE,2
declaration 136930,Declaration SUBMITTED by EMPLOYEE,2
declaration 136949,Declaration SUBMITTED by EMPLOYEE,2
declaration 136957,Declaration SUBMITTED by EMPLOYEE,2
declaration 137002,Declaration SUBMITTED by EMPLOYEE,2
declaration 137025,Declaration SUBMITTED by EMPLOYEE,2
declaration 137064,Declaration APPROVED by ADMINISTRATION,2
declaration 137064,Declaration SUBMITTED by EMPLOYEE,2
declaration 137134,Declaration SUBMITTED by EMPLOYEE,2
declaration 137158,Declaration SUBMITTED by EMPLOYEE,2
declaration 137205,Declaration SUBMITTED by EMPLOYEE,2
declaration 137293,Declaration SUBMITTED by EMPLOYEE,2
declaration 137301,Declaration APPROVED by ADMINISTRATION,2
declaration 137301,Declaration SUBMITTED by EMPLOYEE,2
declaration 137336,Declaration APPROVED by ADMINISTRATION,2
declaration 137336,Declaration REJECTED by ADMINISTRATION,2
declaration 100941,Declaration SUBMITTED by EMPLOYEE,2
declaration 100971,Declaration REJECTED by BUDGET OWNER,2
declaration 137381,Declaration SUBMITTED by EMPLOYEE,2
declaration 137390,Declaration APPROVED by ADMINISTRATION,2
declaration 137390,Declaration SUBMITTED by EMPLOYEE,2
declaration 137475,Declaration SUBMITTED by EMPLOYEE,2
declaration 137488,Declaration SUBMITTED by EMPLOYEE,2
declaration 137522,Declaration SUBMITTED by EMPLOYEE,2
declaration 137649,Declaration SUBMITTED by EMPLOYEE,2
declaration 137703,Declaration APPROVED by ADMINISTRATION,2
declaration 137703,Declaration SUBMITTED by EMPLOYEE,2
declaration 137757,Declaration SUBMITTED by EMPLOYEE,2
declaration 137778,Declaration APPROVED by ADMINISTRATION,2
declaration 137778,Declaration SUBMITTED by EMPLOYEE,2
declaration 137788,Declaration APPROVED by ADMINISTRATION,2
declaration 137788,Declaration SUBMITTED by EMPLOYEE,2
declaration 137798,Declaration APPROVED by ADMINISTRATION,2
declaration 137798,Declaration SUBMITTED by EMPLOYEE,2
declaration 137808,Declaration APPROVED by ADMINISTRATION,2
declaration 137808,Declaration SUBMITTED by EMPLOYEE,2
declaration 137818,Declaration APPROVED by ADMINISTRATION,2
declaration 137818,Declaration SUBMITTED by EMPLOYEE,2
declaration 137828,Declaration SUBMITTED by EMPLOYEE,2
declaration 137869,Declaration SUBMITTED by EMPLOYEE,2
declaration 138021,Declaration SUBMITTED by EMPLOYEE,2
declaration 138029,Declaration REJECTED by ADMINISTRATION,2
declaration 138029,Declaration REJECTED by EMPLOYEE,2
declaration 101070,Declaration SUBMITTED by EMPLOYEE,2
declaration 101084,Declaration APPROVED by ADMINISTRATION,2
declaration 138089,Declaration REJECTED by EMPLOYEE,2
declaration 138089,Declaration REJECTED by SUPERVISOR,2
declaration 101084,Declaration SUBMITTED by EMPLOYEE,2
declaration 138113,Declaration SUBMITTED by EMPLOYEE,2
declaration 138374,Declaration SUBMITTED by EMPLOYEE,2
declaration 138434,Declaration SUBMITTED by EMPLOYEE,2
declaration 138465,Declaration APPROVED by ADMINISTRATION,2
declaration 138465,Declaration SUBMITTED by EMPLOYEE,2
declaration 138495,Declaration SUBMITTED by EMPLOYEE,2
declaration 138570,Declaration APPROVED by ADMINISTRATION,2
declaration 138570,Declaration SUBMITTED by EMPLOYEE,2
declaration 138619,Declaration APPROVED by ADMINISTRATION,2
declaration 138619,Declaration SUBMITTED by EMPLOYEE,2
declaration 138675,Declaration SUBMITTED by EMPLOYEE,2
declaration 138767,Declaration APPROVED by ADMINISTRATION,2
declaration 138767,Declaration SUBMITTED by EMPLOYEE,2
declaration 138829,Declaration SUBMITTED by EMPLOYEE,2
declaration 138924,Declaration SUBMITTED by EMPLOYEE,2
declaration 139088,Declaration SUBMITTED by EMPLOYEE,2
declaration 139293,Declaration SUBMITTED by EMPLOYEE,2
declaration 139311,Declaration SUBMITTED by EMPLOYEE,2
declaration 139353,Declaration APPROVED by ADMINISTRATION,2
declaration 139353,Declaration REJECTED by EMPLOYEE,2
declaration 101132,Declaration SUBMITTED by EMPLOYEE,2
declaration 139643,Declaration APPROVED by ADMINISTRATION,2
declaration 139643,Declaration SUBMITTED by EMPLOYEE,2
declaration 139692,Declaration SUBMITTED by EMPLOYEE,2
declaration 139728,Declaration APPROVED by ADMINISTRATION,2
declaration 139728,Declaration SUBMITTED by EMPLOYEE,2
declaration 140057,Declaration SUBMITTED by EMPLOYEE,2
declaration 140086,Declaration SUBMITTED by EMPLOYEE,2
declaration 140122,Declaration SUBMITTED by EMPLOYEE,2
declaration 140149,Declaration REJECTED by ADMINISTRATION,2
declaration 140149,Declaration REJECTED by EMPLOYEE,2
declaration 101140,Declaration SUBMITTED by EMPLOYEE,2
declaration 140178,Declaration SUBMITTED by EMPLOYEE,2
declaration 140198,Declaration APPROVED by ADMINISTRATION,2
declaration 140198,Declaration SUBMITTED by EMPLOYEE,2
declaration 140207,Declaration SUBMITTED by EMPLOYEE,2
declaration 140216,Declaration APPROVED by ADMINISTRATION,2
declaration 140216,Declaration SUBMITTED by EMPLOYEE,2
declaration 140282,Declaration SUBMITTED by EMPLOYEE,2
declaration 140317,Declaration REJECTED by ADMINISTRATION,2
declaration 140317,Declaration REJECTED by EMPLOYEE,2
declaration 140317,Declaration SUBMITTED by EMPLOYEE,2
declaration 140324,Declaration REJECTED by ADMINISTRATION,2
declaration 140324,Declaration REJECTED by EMPLOYEE,2
declaration 140324,Declaration SUBMITTED by EMPLOYEE,2
declaration 140441,Declaration REJECTED by ADMINISTRATION,2
declaration 140441,Declaration REJECTED by EMPLOYEE,2
declaration 101155,Declaration SUBMITTED by EMPLOYEE,2
declaration 140509,Declaration APPROVED by ADMINISTRATION,2
declaration 140509,Declaration SUBMITTED by EMPLOYEE,2
declaration 140524,Declaration SUBMITTED by EMPLOYEE,2
declaration 140554,Declaration APPROVED by ADMINISTRATION,2
declaration 140554,Declaration SUBMITTED by EMPLOYEE,2
declaration 140585,Declaration APPROVED by ADMINISTRATION,2
declaration 140585,Declaration SUBMITTED by EMPLOYEE,2
declaration 140665,Declaration SUBMITTED by EMPLOYEE,2
declaration 140701,Declaration SUBMITTED by EMPLOYEE,2
declaration 140761,Declaration SUBMITTED by EMPLOYEE,2
declaration 140769,Declaration SUBMITTED by EMPLOYEE,2
declaration 140777,Declaration SUBMITTED by EMPLOYEE,2
declaration 140785,Declaration SUBMITTED by EMPLOYEE,2
declaration 140809,Declaration SUBMITTED by EMPLOYEE,2
declaration 140895,Declaration SUBMITTED by EMPLOYEE,2
declaration 141025,Declaration APPROVED by ADMINISTRATION,2
declaration 141025,Declaration SUBMITTED by EMPLOYEE,2
declaration 141077,Declaration SUBMITTED by EMPLOYEE,2
declaration 141127,Declaration APPROVED by ADMINISTRATION,2
declaration 141127,Declaration SUBMITTED by EMPLOYEE,2
declaration 141154,Declaration SUBMITTED by EMPLOYEE,2
declaration 141178,Declaration SUBMITTED by EMPLOYEE,2
declaration 141208,Declaration SUBMITTED by EMPLOYEE,2
declaration 141247,Declaration APPROVED by ADMINISTRATION,2
declaration 141247,Declaration SUBMITTED by EMPLOYEE,2
declaration 141571,Declaration APPROVED by ADMINISTRATION,2
declaration 141571,Declaration SUBMITTED by EMPLOYEE,2
declaration 141580,Declaration SUBMITTED by EMPLOYEE,2
declaration 141808,Declaration SUBMITTED by EMPLOYEE,2
declaration 141867,Declaration SUBMITTED by EMPLOYEE,2
declaration 141910,Declaration APPROVED by ADMINISTRATION,2
declaration 101174,Declaration SUBMITTED by EMPLOYEE,2
declaration 142017,Declaration SUBMITTED by EMPLOYEE,2
declaration 142042,Declaration SUBMITTED by EMPLOYEE,2
declaration 142121,Declaration APPROVED by ADMINISTRATION,2
declaration 142121,Declaration APPROVED by BUDGET OWNER,2
declaration 142121,Declaration REJECTED by EMPLOYEE,2
declaration 101428,Declaration SUBMITTED by EMPLOYEE,2
declaration 142167,Declaration SUBMITTED by EMPLOYEE,2
declaration 142355,Declaration SUBMITTED by EMPLOYEE,2
declaration 142380,Declaration REJECTED by ADMINISTRATION,2
declaration 142380,Declaration REJECTED by EMPLOYEE,2
declaration 142380,Declaration SUBMITTED by EMPLOYEE,2
declaration 101558,Declaration SUBMITTED by EMPLOYEE,2
declaration 142449,Declaration APPROVED by BUDGET OWNER,2
declaration 101661,Declaration APPROVED by ADMINISTRATION,2
declaration 142449,Declaration REJECTED by SUPERVISOR,2
declaration 101661,Declaration SUBMITTED by EMPLOYEE,2
declaration 142525,Declaration APPROVED by ADMINISTRATION,2
declaration 142525,Declaration APPROVED by BUDGET OWNER,2
declaration 142525,Declaration SUBMITTED by EMPLOYEE,2
declaration 142591,Declaration SUBMITTED by EMPLOYEE,2
declaration 142773,Declaration SUBMITTED by EMPLOYEE,2
declaration 142797,Declaration SUBMITTED by EMPLOYEE,2
declaration 142822,Declaration APPROVED by ADMINISTRATION,2
declaration 142822,Declaration REJECTED by EMPLOYEE,2
declaration 101718,Declaration SUBMITTED by EMPLOYEE,2
declaration 142835,Declaration SUBMITTED by EMPLOYEE,2
declaration 142892,Declaration APPROVED by ADMINISTRATION,2
declaration 142892,Declaration SUBMITTED by EMPLOYEE,2
declaration 142979,Declaration SUBMITTED by EMPLOYEE,2
declaration 143024,Declaration APPROVED by ADMINISTRATION,2
declaration 143024,Declaration SUBMITTED by EMPLOYEE,2
declaration 143122,Declaration SUBMITTED by EMPLOYEE,2
declaration 143135,Declaration SUBMITTED by EMPLOYEE,2
declaration 143194,Declaration SUBMITTED by EMPLOYEE,2
declaration 143292,Declaration SUBMITTED by EMPLOYEE,2
declaration 143341,Declaration SUBMITTED by EMPLOYEE,2
declaration 143355,Declaration SUBMITTED by EMPLOYEE,2
declaration 143368,Declaration SUBMITTED by EMPLOYEE,2
declaration 86564,Declaration SUBMITTED by EMPLOYEE,2
declaration 86604,Declaration SUBMITTED by EMPLOYEE,2
declaration 86620,Declaration APPROVED by PRE_APPROVER,2
declaration 86620,Declaration FINAL_APPROVED by SUPERVISOR,2
declaration 101808,Declaration APPROVED by ADMINISTRATION,2
declaration 86632,Declaration APPROVED by PRE_APPROVER,2
declaration 86632,Declaration FINAL_APPROVED by SUPERVISOR,2
declaration 86632,Declaration SUBMITTED by EMPLOYEE,2
declaration 86708,Declaration SUBMITTED by EMPLOYEE,2
declaration 86720,Declaration FINAL_APPROVED by SUPERVISOR,2
declaration 101808,Declaration SUBMITTED by EMPLOYEE,2
declaration 86739,Declaration FINAL_APPROVED by SUPERVISOR,2
declaration 86739,Declaration SUBMITTED by EMPLOYEE,2
declaration 86764,Declaration FINAL_APPROVED by SUPERVISOR,2
declaration 86764,Declaration SUBMITTED by EMPLOYEE,2
declaration 86776,Declaration FINAL_APPROVED by SUPERVISOR,2
declaration 86776,Declaration SUBMITTED by EMPLOYEE,2
declaration 86809,Declaration FINAL_APPROVED by SUPERVISOR,2
declaration 86809,Declaration SUBMITTED by EMPLOYEE,2
declaration 86840,Declaration FINAL_APPROVED by SUPERVISOR,2
declaration 86840,Declaration SUBMITTED by EMPLOYEE,2
declaration 86901,Declaration REJECTED by EMPLOYEE,2
declaration 86901,Declaration REJECTED by PRE_APPROVER,2
declaration 101898,Declaration APPROVED by ADMINISTRATION,2
declaration 86952,Declaration SUBMITTED by EMPLOYEE,2
declaration 86981,Declaration APPROVED by PRE_APPROVER,2
declaration 86981,Declaration FINAL_APPROVED by SUPERVISOR,2
declaration 86981,Declaration SUBMITTED by EMPLOYEE,2
declaration 86998,Declaration FINAL_APPROVED by SUPERVISOR,2
declaration 86998,Declaration REJECTED by MISSING,2
declaration 86998,Declaration SUBMITTED by EMPLOYEE,2
declaration 87170,Declaration SUBMITTED by EMPLOYEE,2
declaration 87187,Declaration SUBMITTED by EMPLOYEE,2
declaration 87233,Declaration SUBMITTED by EMPLOYEE,2
declaration 87249,Declaration SUBMITTED by EMPLOYEE,2
declaration 87305,Declaration REJECTED by EMPLOYEE,2
declaration 87305,Declaration REJECTED by SUPERVISOR,2
declaration 101898,Declaration SUBMITTED by EMPLOYEE,2
declaration 87384,Declaration FINAL_APPROVED by SUPERVISOR,2
declaration 87384,Declaration SUBMITTED by EMPLOYEE,2
declaration 87415,Declaration FINAL_APPROVED by SUPERVISOR,2
declaration 87415,Declaration SUBMITTED by EMPLOYEE,2
declaration 87563,Declaration APPROVED by PRE_APPROVER,2
declaration 87563,Declaration FINAL_APPROVED by SUPERVISOR,2
declaration 87563,Declaration SUBMITTED by EMPLOYEE,2
declaration 87607,Declaration SUBMITTED by EMPLOYEE,2
declaration 87652,Declaration SUBMITTED by EMPLOYEE,2
declaration 87753,Declaration FINAL_APPROVED by SUPERVISOR,2
declaration 87753,Declaration SUBMITTED by EMPLOYEE,2
declaration 87939,Declaration SUBMITTED by EMPLOYEE,2
declaration 88034,Declaration REJECTED by EMPLOYEE,2
declaration 88034,Declaration REJECTED by PRE_APPROVER,2
declaration 101937,Declaration REJECTED by ADMINISTRATION,2
declaration 88102,Declaration FINAL_APPROVED by SUPERVISOR,2
declaration 88102,Declaration SUBMITTED by EMPLOYEE,2
declaration 88179,Declaration APPROVED by PRE_APPROVER,2
declaration 88179,Declaration FINAL_APPROVED by SUPERVISOR,2
declaration 88179,Declaration SUBMITTED by EMPLOYEE,2
declaration 88221,Declaration SUBMITTED by EMPLOYEE,2
declaration 88262,Declaration SUBMITTED by EMPLOYEE,2
declaration 101953,Declaration APPROVED by ADMINISTRATION,2
declaration 101953,Declaration SUBMITTED by EMPLOYEE,2
declaration 88373,Declaration REJECTED by MISSING,2
declaration 101974,Declaration SUBMITTED by EMPLOYEE,2
declaration 88401,Declaration SUBMITTED by EMPLOYEE,2
declaration 88445,Declaration SUBMITTED by EMPLOYEE,2
declaration 101989,Declaration SUBMITTED by EMPLOYEE,2
declaration 88494,Declaration APPROVED by PRE_APPROVER,2
declaration 88494,Declaration SUBMITTED by EMPLOYEE,2
declaration 88627,Declaration FINAL_APPROVED by SUPERVISOR,2
declaration 88627,Declaration SUBMITTED by EMPLOYEE,2
declaration 88759,Declaration FINAL_APPROVED by SUPERVISOR,2
declaration 88759,Declaration SUBMITTED by EMPLOYEE,2
declaration 88787,Declaration FINAL_APPROVED by SUPERVISOR,2
declaration 88787,Declaration SUBMITTED by EMPLOYEE,2
declaration 89049,Declaration FINAL_APPROVED by SUPERVISOR,2
declaration 89049,Declaration SUBMITTED by EMPLOYEE,2
declaration 89100,Declaration SUBMITTED by EMPLOYEE,2
declaration 89112,Declaration FINAL_APPROVED by SUPERVISOR,2
declaration 102019,Declaration SUBMITTED by EMPLOYEE,2
declaration 89158,Declaration APPROVED by PRE_APPROVER,2
declaration 89158,Declaration SUBMITTED by EMPLOYEE,2
declaration 89167,Declaration FINAL_APPROVED by SUPERVISOR,2
declaration 89167,Declaration SUBMITTED by EMPLOYEE,2
declaration 89251,Declaration SUBMITTED by EMPLOYEE,2
declaration 89279,Declaration SUBMITTED by EMPLOYEE,2
declaration 89290,Declaration SUBMITTED by EMPLOYEE,2
declaration 89301,Declaration SUBMITTED by EMPLOYEE,2
declaration 89425,Declaration SUBMITTED by EMPLOYEE,2
declaration 89494,Declaration FINAL_APPROVED by SUPERVISOR,2
declaration 89494,Declaration SUBMITTED by EMPLOYEE,2
declaration 89524,Declaration SUBMITTED by EMPLOYEE,2
declaration 89532,Declaration FINAL_APPROVED by SUPERVISOR,2
declaration 89532,Declaration SUBMITTED by EMPLOYEE,2
declaration 89557,Declaration SUBMITTED by EMPLOYEE,2
declaration 89862,Declaration SUBMITTED by EMPLOYEE,2
declaration 89932,Declaration FINAL_APPROVED by SUPERVISOR,2
declaration 89932,Declaration SUBMITTED by EMPLOYEE,2
declaration 89961,Declaration SUBMITTED by EMPLOYEE,2
declaration 102027,Declaration SUBMITTED by EMPLOYEE,2
declaration 102139,Declaration SUBMITTED by EMPLOYEE,2
declaration 102208,Declaration SUBMITTED by EMPLOYEE,2
declaration 90029,Declaration REJECTED by EMPLOYEE,2
declaration 90029,Declaration REJECTED by PRE_APPROVER,2
declaration 102222,Declaration SUBMITTED by EMPLOYEE,2
declaration 90044,Declaration SUBMITTED by EMPLOYEE,2
declaration 90098,Declaration SUBMITTED by EMPLOYEE,2
declaration 90166,Declaration APPROVED by PRE_APPROVER,2
declaration 90166,Declaration SUBMITTED by EMPLOYEE,2
declaration 90258,Declaration APPROVED by PRE_APPROVER,2
declaration 90258,Declaration FINAL_APPROVED by SUPERVISOR,2
declaration 102334,Declaration SUBMITTED by EMPLOYEE,2
declaration 90270,Declaration SUBMITTED by EMPLOYEE,2
declaration 90290,Declaration REJECTED by EMPLOYEE,2
declaration 90290,Declaration REJECTED by SUPERVISOR,2
declaration 90290,Declaration SUBMITTED by EMPLOYEE,2
declaration 90400,Declaration SUBMITTED by EMPLOYEE,2
declaration 90417,Declaration SUBMITTED by EMPLOYEE,2
declaration 90445,Declaration SUBMITTED by EMPLOYEE,2
declaration 90476,Declaration FINAL_APPROVED by SUPERVISOR,2
declaration 90476,Declaration SUBMITTED by EMPLOYEE,2
declaration 90523,Declaration REJECTED by EMPLOYEE,2
declaration 90523,Declaration REJECTED by SUPERVISOR,2
declaration 90523,Declaration SUBMITTED by EMPLOYEE,2
declaration 90603,Declaration SUBMITTED by EMPLOYEE,2
declaration 90629,Declaration SUBMITTED by EMPLOYEE,2
declaration 90807,Declaration SUBMITTED by EMPLOYEE,2
declaration 90867,Declaration SUBMITTED by EMPLOYEE,2
declaration 90912,Declaration SUBMITTED by EMPLOYEE,2
declaration 90973,Declaration APPROVED by PRE_APPROVER,2
declaration 90973,Declaration FINAL_APPROVED by SUPERVISOR,2
declaration 90973,Declaration SUBMITTED by EMPLOYEE,2
declaration 91001,Declaration REJECTED by EMPLOYEE,2
declaration 91001,Declaration REJECTED by SUPERVISOR,2
declaration 91001,Declaration SUBMITTED by EMPLOYEE,2
declaration 91068,Declaration SUBMITTED by EMPLOYEE,2
declaration 91110,Declaration SUBMITTED by EMPLOYEE,2
declaration 91225,Declaration FINAL_APPROVED by SUPERVISOR,2
declaration 91225,Declaration SUBMITTED by EMPLOYEE,2
declaration 91249,Declaration APPROVED by PRE_APPROVER,2
declaration 91249,Declaration FINAL_APPROVED by SUPERVISOR,2
declaration 91249,Declaration SUBMITTED by EMPLOYEE,2
declaration 91262,Declaration REJECTED by EMPLOYEE,2
declaration 91262,Declaration REJECTED by SUPERVISOR,2
declaration 91262,Declaration SUBMITTED by EMPLOYEE,2
declaration 91316,Declaration SUBMITTED by EMPLOYEE,2
declaration 91363,Declaration SUBMITTED by EMPLOYEE,2
declaration 91384,Declaration SUBMITTED by EMPLOYEE,2
declaration 91661,Declaration SUBMITTED by EMPLOYEE,2
declaration 91770,Declaration FINAL_APPROVED by SUPERVISOR,2
declaration 91770,Declaration SUBMITTED by EMPLOYEE,2
declaration 91794,Declaration SUBMITTED by EMPLOYEE,2
declaration 91802,Declaration SUBMITTED by EMPLOYEE,2
declaration 91901,Declaration FINAL_APPROVED by SUPERVISOR,2
declaration 91901,Declaration SUBMITTED by EMPLOYEE,2
declaration 91967,Declaration SUBMITTED by EMPLOYEE,2
declaration 91975,Declaration SUBMITTED by EMPLOYEE,2
declaration 91987,Declaration REJECTED by EMPLOYEE,2
declaration 91987,Declaration REJECTED by SUPERVISOR,2
declaration 91987,Declaration SUBMITTED by EMPLOYEE,2
declaration 92038,Declaration SUBMITTED by EMPLOYEE,2
declaration 92270,Declaration SUBMITTED by EMPLOYEE,2
declaration 92344,Declaration SUBMITTED by EMPLOYEE,2
declaration 92367,Declaration SUBMITTED by EMPLOYEE,2
declaration 92510,Declaration SUBMITTED by EMPLOYEE,2
declaration 92561,Declaration APPROVED by PRE_APPROVER,2
declaration 92561,Declaration SUBMITTED by EMPLOYEE,2
declaration 92622,Declaration APPROVED by PRE_APPROVER,2
declaration 92622,Declaration FINAL_APPROVED by SUPERVISOR,2
declaration 92622,Declaration SUBMITTED by EMPLOYEE,2
declaration 92688,Declaration SUBMITTED by EMPLOYEE,2
declaration 92892,Declaration SUBMITTED by EMPLOYEE,2
declaration 92950,Declaration SUBMITTED by EMPLOYEE,2
declaration 92979,Declaration FINAL_APPROVED by SUPERVISOR,2
declaration 92979,Declaration SUBMITTED by EMPLOYEE,2
declaration 93049,Declaration FINAL_APPROVED by SUPERVISOR,2
declaration 93049,Declaration SUBMITTED by EMPLOYEE,2
declaration 93104,Declaration SUBMITTED by EMPLOYEE,2
declaration 93159,Declaration SUBMITTED by EMPLOYEE,2
declaration 93324,Declaration SUBMITTED by EMPLOYEE,2
declaration 93332,Declaration APPROVED by PRE_APPROVER,2
declaration 93332,Declaration SUBMITTED by EMPLOYEE,2
declaration 93341,Declaration SUBMITTED by EMPLOYEE,2
declaration 93507,Declaration FINAL_APPROVED by SUPERVISOR,2
declaration 93507,Declaration SUBMITTED by EMPLOYEE,2
declaration 93537,Declaration FINAL_APPROVED by SUPERVISOR,2
declaration 93537,Declaration SUBMITTED by EMPLOYEE,2
declaration 93592,Declaration FINAL_APPROVED by SUPERVISOR,2
declaration 102464,Declaration APPROVED by ADMINISTRATION,2
declaration 93750,Declaration SUBMITTED by EMPLOYEE,2
declaration 93767,Declaration SUBMITTED by EMPLOYEE,2
declaration 93817,Declaration SUBMITTED by EMPLOYEE,2
declaration 93864,Declaration SUBMITTED by EMPLOYEE,2
declaration 93964,Declaration APPROVED by PRE_APPROVER,2
declaration 93964,Declaration SUBMITTED by EMPLOYEE,2
declaration 93973,Declaration APPROVED by PRE_APPROVER,2
declaration 93973,Declaration SUBMITTED by EMPLOYEE,2
declaration 93992,Declaration SUBMITTED by EMPLOYEE,2
declaration 94017,Declaration SUBMITTED by EMPLOYEE,2
declaration 94054,Declaration FINAL_APPROVED by SUPERVISOR,2
declaration 94054,Declaration SUBMITTED by EMPLOYEE,2
declaration 94131,Declaration FINAL_APPROVED by SUPERVISOR,2
declaration 94131,Declaration SUBMITTED by EMPLOYEE,2
declaration 94220,Declaration SUBMITTED by EMPLOYEE,2
declaration 94228,Declaration SUBMITTED by EMPLOYEE,2
declaration 94260,Declaration SUBMITTED by EMPLOYEE,2
declaration 94298,Declaration REJECTED by EMPLOYEE,2
declaration 94298,Declaration REJECTED by SUPERVISOR,2
declaration 94298,Declaration SUBMITTED by EMPLOYEE,2
declaration 94338,Declaration FINAL_APPROVED by SUPERVISOR,2
declaration 94338,Declaration SUBMITTED by EMPLOYEE,2
declaration 94345,Declaration SUBMITTED by EMPLOYEE,2
declaration 94361,Declaration FINAL_APPROVED by SUPERVISOR,2
declaration 94361,Declaration SUBMITTED by EMPLOYEE,2
declaration 94464,Declaration SUBMITTED by EMPLOYEE,2
declaration 94511,Declaration FINAL_APPROVED by SUPERVISOR,2
declaration 94511,Declaration SUBMITTED by EMPLOYEE,2
declaration 94660,Declaration SUBMITTED by EMPLOYEE,2
declaration 94681,Declaration SUBMITTED by EMPLOYEE,2
declaration 94811,Declaration SUBMITTED by EMPLOYEE,2
declaration 94823,Declaration SUBMITTED by EMPLOYEE,2
declaration 94981,Declaration FINAL_APPROVED by SUPERVISOR,2
declaration 94981,Declaration SUBMITTED by EMPLOYEE,2
declaration 94992,Declaration SUBMITTED by EMPLOYEE,2
declaration 95120,Declaration SUBMITTED by EMPLOYEE,2
declaration 95141,Declaration SUBMITTED by EMPLOYEE,2
declaration 95317,Declaration SUBMITTED by EMPLOYEE,2
declaration 95416,Declaration FINAL_APPROVED by SUPERVISOR,2
declaration 95416,Declaration SUBMITTED by EMPLOYEE,2
declaration 95592,Declaration FINAL_APPROVED by SUPERVISOR,2
declaration 95592,Declaration SUBMITTED by EMPLOYEE,2
declaration 95649,Declaration SUBMITTED by EMPLOYEE,2
declaration 95708,Declaration SUBMITTED by EMPLOYEE,2
declaration 95747,Declaration FINAL_APPROVED by SUPERVISOR,2
declaration 95747,Declaration SUBMITTED by EMPLOYEE,2
declaration 95823,Declaration APPROVED by PRE_APPROVER,2
declaration 95823,Declaration SUBMITTED by EMPLOYEE,2
declaration 95892,Declaration FINAL_APPROVED by SUPERVISOR,2
declaration 95892,Declaration SUBMITTED by EMPLOYEE,2
declaration 95925,Declaration FINAL_APPROVED by SUPERVISOR,2
declaration 95925,Declaration SUBMITTED by EMPLOYEE,2
declaration 95936,Declaration SUBMITTED by EMPLOYEE,2
declaration 95952,Declaration FINAL_APPROVED by SUPERVISOR,2
declaration 95952,Declaration SUBMITTED by EMPLOYEE,2
declaration 95995,Declaration SUBMITTED by EMPLOYEE,2
declaration 96028,Declaration FINAL_APPROVED by SUPERVISOR,2
declaration 96028,Declaration SUBMITTED by EMPLOYEE,2
declaration 96111,Declaration REJECTED by EMPLOYEE,2
declaration 96111,Declaration REJECTED by PRE_APPROVER,2
declaration 102464,Declaration REJECTED by EMPLOYEE,2
declaration 96220,Declaration FINAL_APPROVED by SUPERVISOR,2
declaration 96220,Declaration SUBMITTED by EMPLOYEE,2
declaration 96335,Declaration SUBMITTED by EMPLOYEE,2
declaration 96366,Declaration SUBMITTED by EMPLOYEE,2
declaration 96379,Declaration REJECTED by EMPLOYEE,2
declaration 96379,Declaration REJECTED by PRE_APPROVER,2
declaration 102508,Declaration SUBMITTED by EMPLOYEE,2
declaration 96403,Declaration SUBMITTED by EMPLOYEE,2
declaration 96448,Declaration FINAL_APPROVED by SUPERVISOR,2
declaration 96448,Declaration SUBMITTED by EMPLOYEE,2
declaration 96543,Declaration SUBMITTED by EMPLOYEE,2
declaration 96576,Declaration SUBMITTED by EMPLOYEE,2
declaration 96661,Declaration APPROVED by ADMINISTRATION,2
declaration 96661,Declaration SUBMITTED by EMPLOYEE,2
declaration 96670,Declaration SUBMITTED by EMPLOYEE,2
declaration 96684,Declaration SUBMITTED by EMPLOYEE,2
declaration 96720,Declaration SUBMITTED by EMPLOYEE,2
declaration 96770,Declaration APPROVED by ADMINISTRATION,2
declaration 96770,Declaration SUBMITTED by EMPLOYEE,2
declaration 96780,Declaration APPROVED by ADMINISTRATION,2
declaration 96780,Declaration SUBMITTED by EMPLOYEE,2
declaration 97025,Declaration SUBMITTED by EMPLOYEE,2
declaration 97056,Declaration SUBMITTED by EMPLOYEE,2
declaration 97087,Declaration SUBMITTED by EMPLOYEE,2
declaration 97103,Declaration REJECTED by ADMINISTRATION,2
declaration 97103,Declaration REJECTED by EMPLOYEE,2
declaration 102526,Declaration SUBMITTED by EMPLOYEE,2
declaration 97120,Declaration SUBMITTED by EMPLOYEE,2
declaration 97135,Declaration SUBMITTED by EMPLOYEE,2
declaration 97183,Declaration SUBMITTED by EMPLOYEE,2
declaration 97202,Declaration REJECTED by ADMINISTRATION,2
declaration 97202,Declaration REJECTED by EMPLOYEE,2
declaration 102546,Declaration REJECTED by EMPLOYEE,2
declaration 97408,Declaration APPROVED by ADMINISTRATION,2
declaration 97408,Declaration SUBMITTED by EMPLOYEE,2
declaration 97417,Declaration APPROVED by ADMINISTRATION,2
declaration 97417,Declaration SUBMITTED by EMPLOYEE,2
declaration 97426,Declaration APPROVED by ADMINISTRATION,2
declaration 97426,Declaration SUBMITTED by EMPLOYEE,2
declaration 97440,Declaration REJECTED by EMPLOYEE,2
declaration 97440,Declaration SUBMITTED by EMPLOYEE,2
declaration 97474,Declaration SUBMITTED by EMPLOYEE,2
declaration 97532,Declaration SUBMITTED by EMPLOYEE,2
declaration 97595,Declaration REJECTED by ADMINISTRATION,2
declaration 97595,Declaration REJECTED by EMPLOYEE,2
declaration 97595,Declaration SUBMITTED by EMPLOYEE,2
declaration 97623,Declaration APPROVED by ADMINISTRATION,2
declaration 97623,Declaration SUBMITTED by EMPLOYEE,2
declaration 97637,Declaration REJECTED by ADMINISTRATION,2
declaration 97637,Declaration REJECTED by EMPLOYEE,2
declaration 102546,Declaration SUBMITTED by EMPLOYEE,2
declaration 97686,Declaration SUBMITTED by EMPLOYEE,2
declaration 97700,Declaration SUBMITTED by EMPLOYEE,2
declaration 97718,Declaration APPROVED by ADMINISTRATION,2
declaration 97718,Declaration SUBMITTED by EMPLOYEE,2
declaration 97844,Declaration SUBMITTED by EMPLOYEE,2
declaration 97980,Declaration APPROVED by ADMINISTRATION,2
declaration 97980,Declaration SUBMITTED by EMPLOYEE,2
declaration 98073,Declaration APPROVED by ADMINISTRATION,2
declaration 98073,Declaration REJECTED by EMPLOYEE,2
declaration 102554,Declaration APPROVED by ADMINISTRATION,2
declaration 98152,Declaration SUBMITTED by EMPLOYEE,2
declaration 98248,Declaration SUBMITTED by EMPLOYEE,2
declaration 98331,Declaration APPROVED by ADMINISTRATION,2
declaration 98331,Declaration SUBMITTED by EMPLOYEE,2
declaration 98357,Declaration SUBMITTED by EMPLOYEE,2
declaration 98415,Declaration SUBMITTED by EMPLOYEE,2
declaration 98498,Declaration SUBMITTED by EMPLOYEE,2
declaration 98522,Declaration SUBMITTED by EMPLOYEE,2
declaration 98570,Declaration APPROVED by ADMINISTRATION,2
declaration 98570,Declaration SUBMITTED by EMPLOYEE,2
declaration 98637,Declaration SUBMITTED by EMPLOYEE,2
declaration 98733,Declaration SUBMITTED by EMPLOYEE,2
declaration 98799,Declaration SUBMITTED by EMPLOYEE,2
declaration 98829,Declaration SUBMITTED by EMPLOYEE,2
declaration 98896,Declaration SUBMITTED by EMPLOYEE,2
declaration 98995,Declaration SUBMITTED by EMPLOYEE,2
declaration 99019,Declaration APPROVED by ADMINISTRATION,2
declaration 99019,Declaration APPROVED by BUDGET OWNER,2
declaration 100197,Declaration FINAL_APPROVED by SUPERVISOR,2
declaration 100245,Declaration REJECTED by EMPLOYEE,2
declaration 102554,Declaration SUBMITTED by EMPLOYEE,2
declaration 100365,Declaration SUBMITTED by EMPLOYEE,2
declaration 100380,Declaration SUBMITTED by EMPLOYEE,2
declaration 102615,Declaration APPROVED by ADMINISTRATION,2
declaration 100399,Declaration REJECTED by EMPLOYEE,2
declaration 100399,Declaration REJECTED by SUPERVISOR,2
declaration 102615,Declaration SUBMITTED by EMPLOYEE,2
declaration 100433,Declaration REJECTED by EMPLOYEE,2
declaration 100433,Declaration SUBMITTED by EMPLOYEE,2
declaration 100553,Declaration APPROVED by ADMINISTRATION,2
declaration 100553,Declaration SUBMITTED by EMPLOYEE,2
declaration 100708,Declaration APPROVED by ADMINISTRATION,2
declaration 100708,Declaration SUBMITTED by EMPLOYEE,2
declaration 100816,Declaration SUBMITTED by EMPLOYEE,2
declaration 99019,Declaration SUBMITTED by EMPLOYEE,2
declaration 99040,Declaration APPROVED by ADMINISTRATION,2
declaration 99040,Declaration SUBMITTED by EMPLOYEE,2
declaration 99050,Declaration SUBMITTED by EMPLOYEE,2
declaration 102678,Declaration SUBMITTED by EMPLOYEE,2
declaration 102746,Declaration SUBMITTED by EMPLOYEE,2
declaration 102802,Declaration APPROVED by ADMINISTRATION,2
declaration 99197,Declaration SUBMITTED by EMPLOYEE,2
declaration 99212,Declaration APPROVED by ADMINISTRATION,2
declaration 99212,Declaration SUBMITTED by EMPLOYEE,2
declaration 99232,Declaration SUBMITTED by EMPLOYEE,2
declaration 99246,Declaration APPROVED by ADMINISTRATION,2
declaration 99246,Declaration SUBMITTED by EMPLOYEE,2
declaration 99495,Declaration REJECTED by EMPLOYEE,2
declaration 99495,Declaration SUBMITTED by EMPLOYEE,2
declaration 99574,Declaration REJECTED by ADMINISTRATION,2
